Site_ID,Common_ID,Lat,Long,Dist_CityCenter,Dist_CityPerimeter,Dist_River,Dist_RiverValleyRavine,Dist_Parks,Neighbourhood,Dist_Road,Road density,pop_density,AG,ANTH,WATER,GRASS,NAT,NoBldg50,NoBldg100,NoBldg250,NoBldg500,NoBldg1000,NoBldg1500,RoadDist50,RoadDist100,RoadDist250,RoadDist500,RoadDist1000,RoadDist1500,Nat50,Nat100,Nat250,Nat500,Nat1000,Nat1500
E1,Southwest,53.573850000000000,-112.94748,36381.077870200002508,23061.439777299998241,23468.762394000001223,19967.462921900001675,22015.897828100001789,,19862.117912300000171,na,,,,,,,0,0,0,0,0,0,,,,,,,,,,,,
E10,Cutline,53.662619999999997,-112.78244,48993.170450600002368,32335.875744000000850,30935.837555300000531,30819.292161500001384,33303.552589899998566,,29338.898428299999068,na,,,,,,,0,0,0,0,0,0,,,,,,,,,,,,
E11,Northeast,53.703780000000002,-112.78188,50465.308696799998870,32581.690212099998462,30711.110662800001592,30704.699269600001571,33714.646299599997292,,29485.024868600001355,na,,,,,,,0,0,0,0,0,0,,,,,,,,,,,,
E12,Sandbank,53.664780000000000,-112.82162,46575.607630799997423,29741.321956700001465,28336.723134700001538,28259.274351299998671,30718.409784399998898,,26754.615696500000922,na,,,,,,,0,0,0,0,0,0,,,,,,,,,,,,
E13,Hayberger,53.632649999999998,-112.85223,43688.240436200001568,28005.371358600001258,27072.258715100000700,26123.632875399998738,28465.333039000001008,,24885.112430000001041,na,,,,,,,0,0,0,0,0,0,,,,,,,,,,,,
E14,Loop,53.598340000000000,-112.84084,43720.003240999998525,29521.402347600000212,29038.150365500001499,26908.060984100000496,28946.828500999999960,,26333.776514299999690,na,,,,,,,0,0,0,0,0,0,,,,,,,,,,,,
E2,Shirley Lake,53.642919999999997,-112.92258,39482.508927199996833,23241.606206699998438,22283.720504799999617,21459.682462500000838,24081.114741199999116,,20141.000395399998524,na,,,,,,,0,0,0,0,0,0,,,,,,,,,,,,
E3,Admin,53.686219999999999,-112.86738,44492.079029000000446,26775.903113699998357,25101.406409499999427,25099.373527299998386,27859.241022999998677,,23729.454830599999696,na,,,,,,,0,0,0,0,0,0,,,,,,,,,,,,
E4,Shoreline,53.666080000000001,-112.86145,44108.874017800000729,27106.510265199998685,25708.688165600000502,25654.607938199998898,28090.458181199999672,,24127.666345000001456,na,,,,,,,0,0,0,0,0,0,,,,,,,,,,,,
E5,Tawayik Oster,53.615839999999999,-112.87842,41596.646502199997485,26637.065364499998395,26007.918508300001122,24479.672429599999305,26539.464354700001422,,23467.843590399999812,na,,,,,,,0,0,0,0,0,0,,,,,,,,,,,,
E6,Mud Lake,53.594270000000002,-112.84817,43177.078267400000186,29177.963319499998761,28769.963175900000351,26420.171662799999467,28463.215560000000551,,25985.113683399998990,na,,,,,,,0,0,0,0,0,0,,,,,,,,,,,,
E7,Visitor Center,53.579909999999998,-112.84151,43432.746254600002430,30074.038582299999689,29845.007800300001691,26907.504327599999669,28956.096333000001323,,26884.750052499999583,na,,,,,,,0,0,0,0,0,0,,,,,,,,,,,,
E8,Township Road,53.599789999999999,-112.80413,46149.132120200003556,31833.146324299999833,31239.284572799999296,29340.694608000001608,31378.107058900000993,,28654.147818900000857,na,,,,,,,0,0,0,0,0,0,,,,,,,,,,,,
E9,Southeast,53.628500000000003,-112.78197,48131.074866199996904,32672.315112899999804,31682.335152600000583,30783.936356400001387,33023.817424699998810,,29555.537470200000826,na,,,,,,,0,0,0,0,0,0,,,,,,,,,,,,
NE1,Strathearn,53.537750000000003,-113.46555,1897.765192730000081,4260.551451119999911,102.871719080999995,0,0,Cloverdale,58.453896579099997,0.016323,838.0353167,0,24.54095655,13.92284898,42.35679265,19.17940275,0,3,64,527,3197,7265,,244.5905896,1694.675228009999955,8767.970628,49393.05034,122624.8998,6949.505296330000419,20826.66587,103176.781,281215.5491,653062.9897,1388004.793
NE2,Riverside,53.550220000000003,-113.46084,2410.214245069999834,3932.133970299999874,357.707068392999986,0,0,Forest Heights,37.188112027499997,0.011799,2518.28801,0,87.0832986,0,11.45017315,1.466528777,0,0,10,184,2033,4970,66.375147004200002,181.405163856999991,570.791166179000015,3775.97346,31914.18258,92631.8725,4416.814645710000150,15090.352,73038.57066,330002.6577,1323416.589,2058078.487
NE3,Wayne Gretzky West,53.553049999999999,-113.43835,3907.929756399999860,2442.678753499999857,184.440264148000011,0,39.885096904500003,Forest Heights,20.848309685299999,0.015589,2518.28801,0,87.0832986,0,11.45017315,1.466528777,0,2,70,555,2720,7491,203.891930844000001,544.180891717000009,2576.278094939999846,11191.5744,46462.12368,118683.5692,4666.237030250000316,13468.67378,94125.42643,312982.9793,846317.3913,1472527.845
NE4,Kinnaird,53.559690000000003,-113.46022,3046.545563170000150,3913.630298869999933,387.925010772999997,0,0,Cromdale,26.745132660700001,0.010981,5733.214224,0,90.44492971,0,4.562719784,4.992344502,3,16,145,396,1513,5893,28.480715551599999,281.552217976999998,2915.767083669999920,8650.463569,30600.706,97146.18022,6047.404763919999823,19180.06838,72678.33172,279220.644,890461.7065,1523994.314
NE5,Hollick Kenyon,53.620359999999998,-113.41858,10144.498229200000424,3445.970982100000128,3751.870598169999994,2718.406310700000176,57.086756911999998,Hollick-Kenyon,54.047368408700002,0.013573,3998.427643,0,83.24765962,3.80987756,8.880222017,4.062239865,0,12,128,1062,4139,8274,,202.656804192000010,1644.887717739999971,10369.27076,42863.16507,92854.12347,,,,,7677.648895,65702.72502
NE6,McConachie,53.635590000000001,-113.42057,11595.505483099999765,1784.676647139999886,4874.812792630000331,1850.107476579999911,0,Mcconachie Area,109.723546553000006,0.007395,1894.766749,2.231785638,87.77407673,0.364735302,0.252441597,9.376959804,0,8,81,438,1935,3946,,,908.464922138000020,4832.607417,23920.94838,52260.02443,7367.612072869999793,20767.29933,37642.45394,72106.60724,130713.7249,214787.6674
NE7,Crystallina,53.638140000000000,-113.4636,11002.123073999999178,1378.533149319999893,7324.249750160000076,3132.543743790000008,0,Crystallina Nera West,125.150922150000000,0.009434,1059.874698,0.382636932,92.08846922,1.564739834,0,5.964154245,0,0,70,297,2737,5090,,,779.609883576000016,2958.938516,28842.61236,64156.11336,7832.160538410000299,27483.77284,52089.20464,101400.5597,132821.3516,269232.1504
NW1,Dunluce,53.620049999999999,-113.53208,9166.945184550000704,2698.777727659999982,8438.321756819999791,7766.411677709999822,0,Dunluce,59.485911074800001,0.013033,2837.152216,0,70.49516451,0,24.03980761,5.465030299,0,8,210,784,3410,8041,,221.286747050000002,2196.293891410000015,8241.344533,39526.35791,93076.74235,6634.331858700000339,18814.35827,52952.83924,52953.0194,63370.5799,72223.09899
NW2,Cumberland,53.612200000000001,-113.55551,8928.217199999999139,2429.516217400000187,8172.298183140000219,7005.252801200000249,0,Cumberland,79.279037809299993,0.011663,4170.146202,0,85.07028838,1.888616194,7.143850678,5.897244307,0,26,343,1339,3731,6341,,232.231090235000011,2785.120407110000087,12195.01542,39064.91227,73424.1008,6401.141960119999567,13971.65204,18571.3136,18571.3136,193846.5077,412258.9257
NW3,Glenora,53.542529999999999,-113.55499,4068.690823639999962,8451.508790460000455,537.391105918999983,0,2.974369899100000,Glenora,16.864844497400000,0.018923,2164.903069,0,94.33088246,0,4.432508273,1.23660827,2,21,258,801,2670,6701,134.384365312999989,756.228795275000039,4575.645112049999625,17889.9536,59079.8281,133043.8345,4509.629673309999816,8196.661571,19727.19092,135095.9245,794872.798,1394695.383
NW4,Victoria,53.534959999999998,-113.52574,2226.910998870000185,8263.021758139999292,198.917877250999993,0,0,River Valley Victoria,156.250083931999995,0.013118,0,0,13.00621158,18.36890602,38.74163162,29.88325297,0,1,4,10,608,1788,,,479.840697132000003,814.8479481,37578.17707,94477.49431,5949.257745160000013,14090.33009,81529.55708,362087.9163,1027534.185,1695016.177
NW5,Mayfair,53.536209999999997,-113.54345,3341.327013099999931,9423.723480160000690,72.241176030899993,0,0,River Valley Mayfair,250.307332373999998,0.011228,0,0,8.011867985,23.02388115,33.99982207,34.96442874,0,0,9,17,556,2879,,,,4218.068755,31750.18957,93548.10908,3321.015686849999838,16201.70279,112662.4218,403460.7455,1288395.438,2320496.317
NW6,McKenzie,53.529339999999998,-113.56727,5046.913218480000069,8306.510072470000523,561.879229463000001,0,0,Crestwood,80.169206299699994,0.018217,2011.265876,0,92.45631797,0,6.620352574,0.923329449,1,8,192,791,3543,7242,,134.372338468000009,3236.139726280000104,14777.13782,59268.92931,126006.1568,7185.785714460000236,20676.78843,58219.68947,129752.9457,647115.2789,1455810.954
NW7,Dunvegan,53.587139999999998,-113.55522,6554.911133939999672,4648.531313800000135,5382.747658709999996,4210.548339289999603,0,Athlone,68.991069729499998,0.017716,2644.857703,0,82.77131085,0,13.92499901,3.303690652,0,26,328,1044,3133,7001,,146.251687411000006,3311.527749110000059,12655.69809,54240.6714,124102.4419,7832.560079670000050,15736.95838,16214.85498,16214.85498,16214.85498,29080.00146
SE1,Rosedale Cemetery,53.438519999999997,-113.4166,12492.224651599999561,4755.899580930000411,10373.179637799999909,3218.737237199999981,700.452488831999972,Crawford Plains,66.052742672400001,0.012326,3795.469451,0.129500145,91.88408697,0,6.973393316,1.013022285,1,2,123,739,2714,6259,,326.521305347999999,2750.518692579999879,12827.53988,40206.16456,79827.35026,3857.371537439999884,3980.663116,5341.332975,8240.332721,91697.1026,210237.8372
SE2,Menonite Church,53.471960000000003,-113.46967,7838.455106000000342,7010.944514640000307,5683.309259720000227,3076.982636300000195,509.906280900000013,Strathcona Industrial Park,18.575513830599998,0.010747,0,0,86.0525007,0,0.650179664,13.29731852,3,15,36,326,1516,3328,92.623600128199996,196.318404261000012,1561.820274919999974,7473.440938,32920.51151,75529.85839,1254.457482549999895,1254.457483,4928.224025,7196.037907,13634.40315,16810.46789
SE3,Mill Woods,53.486109999999996,-113.42676,7544.302938599999834,3970.549657890000162,6272.972525250000217,0,0,Mill Woods Golf Course,37.278001994199997,0.00878,0,0,14.33395841,4.256595841,54.23431613,27.17513488,0,0,8,52,815,3025,66.412898477599995,344.327917393999996,1370.155100960000027,4214.151912,23998.40999,69101.73615,6759.483769110000139,20570.61281,59306.1274,113139.8739,215091.4272,336262.3936
SE4,Feral Cat Industrial,53.494680000000002,-113.47083,5364.772441439999966,5612.071562310000445,3837.234416889999920,584.747596626000018,605.650505864000024,Coronet Industrial,85.009858902900007,0.011329,0,0,99.15185714,0.080898592,0,0.76724561,1,13,47,179,1342,3360,,105.039685054000003,1579.869270830000005,6445.299009,34494.34258,82178.13721,2196.883746940000037,3736.297154,7720.124684,14935.32563,26601.36274,92698.51001
SE5,Plyplow,53.498759999999997,-113.39423,8094.740798400000131,1924.116262510000070,5768.286400789999789,0,2.634718063510000,Plyplow Industrial,27.658556741400002,0.00264,0,19.37301788,62.705509,3.066205925,1.58791101,13.26735622,0,2,29,62,227,674,83.092203549299995,192.048591243999994,496.854784875000007,1974.265357,8061.923227,26901.88246,4316.523396159999720,6733.559543,19236.39343,78443.6645,239300.7233,336294.147
SE6,25 street Industrial,53.514960000000002,-113.38196,7951.939392489999591,224.154201354999998,3995.006759939999938,0.640002501,3.892205882380000,Southeast Industrial,41.811824587700002,0.004941,0,0.158774105,80.20268491,1.523534454,1.532350153,16.58265508,0,0,11,35,153,453,54.692252501399999,209.711742426000001,628.282269677000045,4016.756507,16691.03822,31649.4023,4396.312000769999941,11217.822,31368.01463,36435.32694,75915.35926,211454.6157
SE7,Star Blanket,53.457741550000001,-113.3999562,11152.485021599999527,3681.777261319999980,9828.358150250000108,820.443118248000019,0,Bisset,53.188048523799999,0.015187,4180.779712,0,85.43110827,0,12.88121001,1.687682755,6,22,270,946,4212,9139,,342.875388889000021,3006.944026019999910,12438.65866,47571.19729,104219.9079,4514.826753469999858,11685.7778,15985.37907,15985.37907,61467.99504,300860.632
SE8,Roper,53.496009999999998,-113.43413,6368.022082000000410,3453.880408980000084,5147.590416130000449,0,39.405893905500001,Roper Industrial,115.640014246999996,0.005673,0,0,81.75522781,1.940445174,2.399758629,13.90456787,0,0,6,34,343,741,,,423.506622995999976,2465.43992,14396.43247,46967.89393,6320.646212579999883,12988.93082,28553.2758,65608.58578,126797.4103,240435.6241
SE9,Pollard,53.446860000000001,-113.41268,11768.787850500000786,4515.523734630000035,10206.473086600000897,2262.653085280000141,0,Pollard Meadows,32.795732884899998,0.016001,4338.412846,0,86.96086895,0,11.73246972,1.306660306,4,18,177,837,4175,8239,73.319581900900005,372.630750878000015,2556.747669939999923,11354.34628,51601.44914,108176.196,3933.144413470000018,8487.883988,13746.29285,13746.29285,17517.05068,76720.27177
SW1,Saville,53.502719999999997,-113.53829,5179.850597079999716,9672.788080599999375,798.171891284000026,0,156.770415479999997,University of Alberta Farm,114.640829718000006,0.012521,0,56.29481633,29.62498258,0.435438241,6.491460478,7.153303726,0,4,19,278,1150,3795,,,2460.005364109999846,10107.33967,35747.52204,86532.71899,5911.388289640000039,14863.03563,34403.0004,84619.50881,496607.9307,1287652.883
SW2,Farm,53.497079999999997,-113.54212,5842.213879040000393,9755.068812519999483,1056.085241369999949,535.560875836000037,237.882320488000005,Grandview Heights,58.983721961999997,0.010304,2025.764736,0,90.99682686,0,8.924949232,0.078216067,0,2,19,126,823,3119,,459.185879140999987,1603.857981789999940,6223.950712,30371.1765,79912.73203,7750.224816730000384,13853.79906,16827.0839,17604.78386,249254.3901,1379666.733
SW3,Quesnel,53.509779999999999,-113.56914,6087.576844549999805,7960.469605109999975,273.624916202000009,0,0.736013888,Quesnell Heights,60.536168778300002,0.014958,1794.625438,0,90.49296595,0,0,9.507042716,2,8,88,444,1848,5001,,430.756750324999985,2734.898809249999886,10354.58196,44332.70273,106570.6648,5608.279499829999622,10919.86598,32257.009,253639.0189,832279.1984,1800096.58
SW4,Aspen,53.475810000000003,-113.55267,8235.917744309999762,8915.674323080000249,771.132222918000025,0,0,Aspen Gardens,88.159125015900003,0.00987,2474.688058,0,88.49445732,0,10.2349345,1.27060763,0,7,120,484,1643,4463,,94.154565998500004,1588.590427930000033,6456.800553,29879.42535,84759.16402,7018.201677979999658,21156.31348,104622.0486,389528.1244,1088290.181,1832765.924
SW5,Twin,53.449199999999998,-113.54375,10735.321977199999310,5953.523130909999963,3789.794598880000194,0,0,Twin Brooks,72.238024469400003,0.00827,2929.192959,0.01402095,86.3732998,0.94001624,9.283655269,3.389007499,2,9,98,256,1627,4312,,105.193739582999996,895.390682437000009,3151.46112,24544.03819,63692.77727,6266.673958569999741,21236.35124,112713.6011,463857.2181,1195182.079,1946560.658
SW6,Falconer,53.463709999999999,-113.5878,10623.061968199999683,6726.251580320000357,1155.182834259999936,907.994960225000000,0,Falconer Heights,40.176421933699999,0.013309,0,86.58974342,0,3.236281418,10.17397149,0.650698697,0,7,147,606,2542,5972,62.976693835399999,264.197963854000022,2824.035344110000096,9926.212828,42032.60123,89076.31121,4399.369838810000147,15377.82968,18020.4198,19605.84107,37117.66045,655152.9082
SW7,Zoo,53.511510000000001,-113.55921,5440.793988080000418,8619.080210160000206,386.258572587000003,0,0,Laurier Heights,45.522551845899997,0.012847,2136.141207,0,94.35247525,0,4.802682386,0.844843884,2,7,61,336,1311,3667,30.581915831200000,204.460264171000006,1714.916706870000098,10373.73198,41761.57672,93685.33613,687.292632381999965,2013.283537,17831.63592,180013.0567,1061722.212,2708969.884
SW8,Macgrath,53.453339999999997,-113.55086,10431.013329499999600,6432.869953069999610,3257.296880719999990,0,0,Magrath Heights,99.383705953200007,0.009098,2811.109543,0,86.66116653,0.600230747,6.768466462,5.970136955,0,0,42,204,1639,4373,,18.130287920600001,1150.290390229999957,4245.06474,24334.42127,66136.80951,7766.238206560000435,27403.41682,96912.85239,397427.4999,1084681.395,1756435.271
