"","DateTime","Identifier","Identifier2","PuzzleType","LorD","SiteID","GroupSize","agesex","UniqueID","Disease","PuzzleSequence"
"1"," 2024-02-06 06:07:37","NE1_EVENT1","NE1_EVENT1_W","W","D","NE1",1,"F","NE1-F1","mangey",1
"2"," 2024-02-06 06:10:24","NE1_EVENT1","NE1_EVENT1_A","A","D","NE1",1,"F","NE1-F1","mangey",2
"3"," 2024-02-06 09:32:06","NE1_EVENT2","NE1_EVENT2_A","A","L","NE1",1,"F","NE1-F1","mangey",0
"4"," 2024-02-10 21:07:04","NE1_EVENT3","NE1_EVENT3_A","A","D","NE1",1,"F","NE1-F1","mangey",0
"5"," 2024-02-16 20:27:06","NE1_EVENT4","NE1_EVENT4_W","W","D","NE1",1,"SF","NE1-SF1","limp",1
"6"," 2024-02-16 20:27:22","NE1_EVENT4","NE1_EVENT4_A","A","D","NE1",1,"SF","NE1-SF1","limp",2
"7"," 2024-02-19 12:49:44","NE1_EVENT5","NE1_EVENT5_A","A","L","NE1",1,"M","NE1-M1","N",0
"8"," 2024-02-21 03:59:41","NE1_EVENT6","NE1_EVENT6_W","W","D","NE1",1,"F","NE1-F1","mangey",0
"9"," 2024-02-22 08:18:30","NE1_EVENT7","NE1_EVENT7_A","A","L","NE1",1,"F","NE1-F1","mangey",0
"10"," 2024-02-23 03:22:28","NE1_EVENT8","NE1_EVENT8_W","W","D","NE1",1,"F","NE1-F1","mangey",1
"11"," 2024-02-23 03:23:42","NE1_EVENT8","NE1_EVENT8_A","A","D","NE1",1,"F","NE1-F1","mangey",2
"12"," 2024-02-28 05:31:24","NE1_EVENT9","NE1_EVENT9_A","A","D","NE1",1,"F","NE1-F1","mangey",0
"13"," 2024-02-06 18:46:24","NE2_EVENT1","NE2_EVENT1_W","W","D","NE2",1,"SM","NE2-SM1","N",0
"14"," 2024-02-06 23:38:12","NE2_EVENT2","NE2_EVENT2_W","W","D","NE2",1,"SM","NE2-SM1","N",1
"15"," 2024-02-06 23:40:52","NE2_EVENT2","NE2_EVENT2_A","A","D","NE2",1,"SM","NE2-SM1","N",2
"16"," 2024-02-07 21:25:38","NE2_EVENT3","NE2_EVENT3_A","A","D","NE2",1,"Unk","NE2-U1","N",0
"17"," 2024-02-08 06:14:00","NE2_EVENT4","NE2_EVENT4_W","W","D","NE2",1,"SM","NE2-SM1","N",0
"18"," 2024-02-08 07:10:44","NE2_EVENT5","NE2_EVENT5_W","W","D","NE2",1,"SM","NE2-SM1","N",0
"19"," 2024-02-09 05:10:16","NE2_EVENT6","NE2_EVENT6_A","A","D","NE2",1,"SF","NE2-SF1","thin shoulder fur",0
"20"," 2024-02-19 18:28:24","NE2_EVENT7","NE2_EVENT7_W","W","D","NE2",1,"SM","NE2-SM1","N",1
"21"," 2024-02-19 18:28:44","NE2_EVENT7","NE2_EVENT7_A","A","D","NE2",1,"SM","NE2-SM1","N",2
"22"," 2024-02-22 04:57:20","NE2_EVENT8","NE2_EVENT8_A","A","D","NE2",1,"SF","NE2-SF1","thin shoulder fur",0
"23"," 2024-02-27 13:14:56","NE2_EVENT9","NE2_EVENT9_A","A","D","NE2",1,"SF","NE2-SF1","thin shoulder fur",0
"24"," 2024-02-13 06:27:48","NE3_EVENT1","NE3_EVENT1_A","A","D","NE3",1,"SM","NE3-SM1","N",0
"25"," 2024-02-25 02:35:20","NE3_EVENT2","NE3_EVENT2_A","A","D","NE3",1,"F","NE3-F1","N",0
"26"," 2024-02-07 23:39:34","NE4_EVENT1","NE4_EVENT1_W","W","D","NE4",1,"M","NE4-M1","N",1
"27"," 2024-02-07 23:39:42","NE4_EVENT1","NE4_EVENT1_A","A","D","NE4",1,"M","NE4-M1","N",2
"28"," 2024-02-08 13:16:18","NE4_EVENT2","NE4_EVENT2_W","W","N","NE4",1,"F","NE4-F1","scruffy, dark bum",0
"29"," 2024-02-08 18:20:56","NE4_EVENT3","NE4_EVENT3_W","W","D","NE4",1,"Unk","NE4-U1","N",0
"30"," 2024-02-08 23:50:16","NE4_EVENT4","NE4_EVENT4_W","W","D","NE4",1,"F","NE4-F1","scruffy, dark bum",0
"31"," 2024-02-10 17:41:50","NE4_EVENT5","NE4_EVENT5_W","W","N","NE4",1,"M","NE4-M1","N",0
"32"," 2024-02-06 02:54:36","NE5_EVENT1","NE5_EVENT1_A","A","D","NE5",1,"F","NE5-F1","N",0
"33"," 2024-02-06 06:26:34","NE5_EVENT2","NE5_EVENT2_A","A","D","NE5",1,"Unk","NE5-U1","N",0
"34"," 2024-02-06 06:53:30","NE5_EVENT3","NE5_EVENT3_A","A","D","NE5",2,"F + U","NE5-F1 + NE5-U1","N",0
"35"," 2024-02-07 06:19:20","NE5_EVENT4","NE5_EVENT4_A","A","D","NE5",1,"U","NE5-U1","N",0
"36"," 2024-02-07 06:47:32","NE5_EVENT5","NE5_EVENT5_A","A","D","NE5",1,"M","NE5-M1","shaggy tail",0
"37"," 2024-02-07 13:28:32","NE5_EVENT6","NE5_EVENT6_A","A","L","NE5",1,"M","NE5-M1","shaggy tail",0
"38"," 2024-02-08 12:08:14","NE5_EVENT7","NE5_EVENT7_A","A","L","NE5",1,"M","NE5-M1","shaggy tail",0
"39"," 2024-02-08 12:59:30","NE5_EVENT8","NE5_EVENT8_A","A","L","NE5",1,"SF","NE5-SF1","N",0
"40"," 2024-02-08 22:49:28","NE5_EVENT9","NE5_EVENT9_A","A","D","NE5",1,"Unk","NE5-U1","N",0
"41"," 2024-02-10 00:52:38","NE5_EVENT10","NE5_EVENT10_A","A","D","NE5",1,"Unk","NE5-U2","N",0
"42"," 2024-02-10 07:19:04","NE5_EVENT11","NE5_EVENT11_A","A","D","NE5",1,"Unk","NE5-U2","N",0
"43"," 2024-02-10 18:19:10","NE5_EVENT12","NE5_EVENT12_A","A","D","NE5",2,"F + Unk","NE5-F1 + NE5-U1","N",0
"44"," 2024-02-11 02:59:44","NE5_EVENT13","NE5_EVENT13_A","A","D","NE5",3,"F + SF + Unk","NE5-F1 + NE5-SF2 + NE5-U1","partial tail",0
"45"," 2024-02-11 04:19:02","NE5_EVENT14","NE5_EVENT14_A","A","D","NE5",2,"F + Unk","NE5-F1 + NE5-U1","N",0
"46"," 2024-02-12 02:06:34","NE5_EVENT15","NE5_EVENT15_A","A","D","NE5",1,"M","NE5-M1","shaggy tail",0
"47"," 2024-02-12 07:27:34","NE5_EVENT16","NE5_EVENT16_A","A","D","NE5",1,"SM","NE5-SM1","N",0
"48"," 2024-02-14 08:42:20","NE5_EVENT17","NE5_EVENT17_A","A","L","NE5",1,"F","NE5-F1","N",0
"49"," 2024-02-14 14:02:08","NE5_EVENT18","NE5_EVENT18_A","A","L","NE5",1,"SM","NE5-SM2","shaggy tail",0
"50"," 2024-02-15 10:05:14","NE5_EVENT19","NE5_EVENT19_A","A","L","NE5",1,"M","NE5-M1","shaggy tail",0
"51"," 2024-02-15 15:17:38","NE5_EVENT20","NE5_EVENT20_A","A","L","NE5",1,"M","NE5-M1","shaggy tail",0
"52"," 2024-02-15 19:16:22","NE5_EVENT21","NE5_EVENT21_A","A","D","NE5",2,"M + Unk","NE5-M1 + NE5-U3","shaggy tail",0
"53"," 2024-02-15 20:54:30","NE5_EVENT22","NE5_EVENT22_A","A","D","NE5",1,"SF","NE5-SF3","hunched",0
"54"," 2024-02-17 07:10:32","NE5_EVENT23","NE5_EVENT23_A","A","D","NE5",2,"M + SF","NE5-M1 + NE5-SF2","shaggy tail, partial tail",0
"55"," 2024-02-18 17:27:44","NE5_EVENT24","NE5_EVENT24_A","A","L","NE5",1,"M","NE5-M1","shaggy tail",0
"56"," 2024-02-18 21:51:06","NE5_EVENT25","NE5_EVENT25_W","W","D","NE5",1,"SF","NE5-SF2","partial tail",0
"57"," 2024-02-19 03:32:28","NE5_EVENT26","NE5_EVENT26_A","A","D","NE5",1,"SF","NE5-SF2","partial tail",0
"58"," 2024-02-19 05:55:14","NE5_EVENT27","NE5_EVENT27_A","A","D","NE5",2,"F + M","NE5-F2 + NE5-M1","shaggy tail",0
"59"," 2024-02-19 22:32:02","NE5_EVENT28","NE5_EVENT28_A","A","D","NE5",2,"F + M","NE5-F2 + NE5-M1","shaggy tail",0
"60"," 2024-02-20 03:14:32","NE5_EVENT29","NE5_EVENT29_A","A","D","NE5",2,"F + M","NE5-F2 + NE5-M1","shaggy tail",0
"61"," 2024-02-21 17:34:56","NE5_EVENT30","NE5_EVENT30_A","A","L","NE5",1,"SM","NE5-SM2","shaggy tail",1
"62"," 2024-02-21 17:35:52","NE5_EVENT30","NE5_EVENT30_W","W","L","NE5",1,"SM","NE5-SM2","shaggy tail",2
"63"," 2024-02-22 13:58:22","NE5_EVENT31","NE5_EVENT31_A","A","L","NE5",1,"SM","NE5-SM2","shaggy tail",0
"64"," 2024-02-22 15:58:22","NE5_EVENT32","NE5_EVENT32_W","W","L","NE5",1,"SM","NE5-SM2","shaggy tail",0
"65"," 2024-02-24 08:29:08","NE5_EVENT33","NE5_EVENT33_A","A","L","NE5",1,"SM","NE5-SM1","N",0
"66"," 2024-02-11 13:37:53","NE6_EVENT1","NE6_EVENT1_W","W","L","NE6",1,"F","NE6-F1","a bit scruffy",0
"67"," 2024-02-17 22:13:54","NE6_EVENT2","NE6_EVENT2_W","W","D","NE6",1,"SF","NE6-SF1","mange",0
"68"," 2024-02-13 01:29:34","NE7_EVENT1","NE7_EVENT1_A","A","D","NE7",1,"Unk","NE7-U1","N",0
"69"," 2024-02-20 13:37:38","NE7_EVENT2","NE7_EVENT2_A","A","L","NE7",1,"M","NE7-M1","N",0
"70"," 2024-02-24 08:11:06","NE7_EVENT3","NE7_EVENT3_A","A","L","NE7",1,"M","NE7-M1","N",0
"71"," 2024-02-28 10:50:02","NE7_EVENT4","NE7_EVENT4_W","W","L","NE7",1,"SF","NE7-SF1","N",0
"72"," 2024-03-21 11:30:42","NW1_EVENT1","NW1_EVENT1_A","A","L","NW1",1,"M","NW1-M1","partial right ear, some missing butt fur",0
"73"," 2024-03-23 01:37:46","NW1_EVENT2","NW1_EVENT2_W","W","D","NW1",1,"M","NW1-M2","N",0
"74"," 2024-03-24 02:55:16","NW1_EVENT3","NW1_EVENT3_A","A","D","NW1",1,"M","NW1-M1","partial right ear, some missing butt fur",0
"75"," 2024-03-04 16:32:01","NW2_EVENT1","NW2_EVENT1_A","A","L","NW2",1,"M","NW2-M1","N",0
"76"," 2024-03-04 17:21:04","NW2_EVENT2","NW2_EVENT2_A","A","L","NW2",1,"M","NW2-M1","N",0
"77"," 2024-03-05 11:41:04","NW2_EVENT3","NW2_EVENT3_W","W","L","NW2",1,"F","NW2-F1","forehead female",1
"78"," 2024-03-05 11:42:18","NW2_EVENT3","NW2_EVENT3_A","A","L","NW2",1,"F","NW2-F1","forehead female",1
"79"," 2024-03-05 13:06:03","NW2_EVENT4","NW2_EVENT4_A","A","L","NW2",1,"F","NW2-F1","forehead female",0
"80"," 2024-03-05 16:31:52","NW2_EVENT5","NW2_EVENT5_A","A","L","NW2",1,"F","NW2-F1","forehead female",0
"81"," 2024-03-06 22:56:42","NW2_EVENT6","NW2_EVENT6_A","A","D","NW2",2,"F + M","NW2-F1 + NW2-M2","forehead female + tufty male",1
"82"," 2024-03-06 22:57:52","NW2_EVENT6","NW2_EVENT6_W","W","D","NW2",2,"F + M","NW2-F1 + NW2-M2","forehead female + tufty male",2
"83"," 2024-03-08 17:58:46","NW2_EVENT7","NW2_EVENT7_A","A","D","NW2",1,"Unk","NW2-U1","N",0
"84"," 2024-03-08 19:04:38","NW2_EVENT8","NW2_EVENT8_A","A","D","NW2",1,"Unk","NW2-U2","N",0
"85"," 2024-03-11 06:31:48","NW2_EVENT9","NW2_EVENT9_A","A","D","NW2",1,"M","NW2-M2","tufty male",1
"86"," 2024-03-11 06:31:48","NW2_EVENT9","NW2_EVENT9_W","W","D","NW2",1,"M","NW2-M2","tufty male",2
"87"," 2024-03-11 19:02:00","NW2_EVENT10","NW2_EVENT10_A","A","D","NW2",3,"F + F + M","NW2-F1 + NW-F2 + NW2-M2","forehead female + tufty male",1
"88"," 2024-03-11 19:05:44","NW2_EVENT10","NW2_EVENT10_W","W","D","NW2",3,"F + F + M","NW2-F1 + NW-F2 + NW2-M2","forehead female + tufty male",2
"89"," 2024-03-12 06:03:54","NW2_EVENT11","NW2_EVENT11_A","A","D","NW2",1,"Unk","NW2-U3","N",0
"90"," 2024-03-18 09:01:02","NW2_EVENT12","NW2_EVENT12_A","A","L","NW2",1,"Unk","NW2-U4","N",0
"91"," 2024-03-18 10:30:24","NW2_EVENT13","NW2_EVENT13_A","A","L","NW2",1,"M","NW2-M1","N",0
"92"," 2024-03-18 10:48:08","NW2_EVENT14","NW2_EVENT14_A","A","L","NW2",1,"M","NW2-M1","N",0
"93"," 2024-03-18 20:00:02","NW2_EVENT15","NW2_EVENT15_A","A","D","NW2",1,"M","NW2-M1","N",0
"94"," 2024-03-25 02:49:10","NW2_EVENT16","NW2_EVENT16_W","W","D","NW2",1,"M","NW2-M1","N",0
"95"," 2024-03-06 18:59:28","NW3_EVENT1","NW3_EVENT1_A","A","D","NW3",1,"SF","NW3-SF1","N",1
"96"," 2024-03-06 19:00:18","NW3_EVENT1","NW3_EVENT1_W","W","D","NW3",1,"SF","NW3-SF1","N",2
"97"," 2024-03-10 03:29:22","NW3_EVENT2","NW3_EVENT2_A","A","D","NW3",1,"Unk","NW3-U1","N",0
"98"," 2024-03-17 07:01:36","NW3_EVENT3","NW3_EVENT3_W","W","L","NW3",1,"SM","NW3-SM1","N",0
"99"," 2024-03-21 04:08:16","NW3_EVENT4","NW3_EVENT4_W","W","D","NW3",2,"F + M","NW3-F1 + NW3-M1","oreo male",0
"100"," 2024-03-23 05:14:46","NW3_EVENT5","NW3_EVENT5_W","W","D","NW3",1,"Unk","NW3-U2","N",0
"101"," 2024-03-24 23:54:02","NW3_EVENT6","NW3_EVENT6_W","W","D","NW3",1,"Unk","NW3-U3","N",0
"102"," 2024-03-29 00:57:49","NW3_EVENT7","NW3_EVENT7_A","A","D","NW3",1,"SF","NW3-SF1","N",1
"103"," 2024-03-29 00:58:18","NW3_EVENT7","NW3_EVENT7_W","W","D","NW3",1,"SF","NW3-SF1","N",2
"104"," 2024-03-31 20:10:42","NW3_EVENT8","NW3_EVENT8_W","W","D","NW3",1,"SM","NW3-SM1","N",1
"105"," 2024-03-31 20:11:48","NW3_EVENT8","NW3_EVENT8_A","A","D","NW3",1,"SM","NW3-SM1","N",2
"106"," 2024-03-09 05:56:44","NW4_EVENT1","NW4_EVENT1_A","A","L","NW4",1,"SM","NW4-SM1","N",1
"107"," 2024-03-09 20:07:48","NW4_EVENT2","NW4_EVENT2_A","A","D","NW4",1,"SM","NW4-SM1","N",2
"108"," 2024-03-09 20:07:48","NW4_EVENT2","NW4_EVENT2_W","W","D","NW4",1,"SM","NW4-SM1","N",1
"109"," 2024-03-11 04:29:48","NW4_EVENT3","NW4_EVENT3_A","A","D","NW4",1,"SM","NW4-SM1","N",1
"110"," 2024-03-11 04:29:48","NW4_EVENT3","NW4_EVENT3_W","W","D","NW4",1,"SM","NW4-SM1","N",2
"111"," 2024-03-12 08:04:58","NW4_EVENT4","NW4_EVENT4_A","A","L","NW4",1,"SM","NW4-SM1","N",1
"112"," 2024-03-12 08:04:58","NW4_EVENT4","NW4_EVENT4_W","W","L","NW4",1,"SM","NW4-SM1","N",2
"113"," 2024-03-16 00:35:50","NW4_EVENT5","NW4_EVENT5_A","A","D","NW4",1,"F","NW4-F1","mange, small, thin shoulders",0
"114"," 2024-03-16 04:58:22","NW4_EVENT6","NW4_EVENT6_A","A","D","NW4",1,"Unk","NW4-U1","mild mange",0
"115"," 2024-03-16 10:26:50","NW4_EVENT7","NW4_EVENT7_A","A","L","NW4",1,"F","NW4-F1","mange, small, thin shoulders",1
"116"," 2024-03-16 10:27:00","NW4_EVENT7","NW4_EVENT7_W","W","L","NW4",1,"F","NW4-F1","mange, small, thin shoulders",2
"117"," 2024-03-19 09:04:08","NW4_EVENT8","NW4_EVENT8_A","A","L","NW4",1,"F","NW4-F1","mange, small, thin shoulders",0
"118"," 2024-03-19 11:29:46","NW4_EVENT9","NW4_EVENT9_A","A","L","NW4",1,"F","NW4-F1","mange, small, thin shoulders",1
"119"," 2024-03-19 11:29:46","NW4_EVENT9","NW4_EVENT9_W","W","L","NW4",1,"F","NW4-F1","mange, small, thin shoulders",2
"120"," 2024-03-20 08:48:28","NW4_EVENT10","NW4_EVENT10_A","A","L","NW4",1,"SM","NW4-SM1","N",0
"121"," 2024-03-20 10:30:26","NW4_EVENT11","NW4_EVENT11_A","A","L","NW4",1,"SM","NW4-SM1","N",0
"122"," 2024-03-20 12:25:02","NW4_EVENT12","NW4_EVENT12_A","A","L","NW4",1,"Unk","NW4-U1","mild mange",2
"123"," 2024-03-20 12:25:02","NW4_EVENT12","NW4_EVENT12_W","W","L","NW4",1,"Unk","NW4-U1","mild mange",1
"124"," 2024-03-21 13:49:58","NW4_EVENT13","NW4_EVENT13_A","A","L","NW4",1,"Unk","NW4-U2","N",0
"125"," 2024-03-21 20:58:26","NW4_EVENT14","NW4_EVENT14_A","A","D","NW4",1,"SM","NW4-SM1","N",2
"126"," 2024-03-21 20:58:26","NW4_EVENT14","NW4_EVENT14_W","W","D","NW4",1,"SM","NW4-SM1","N",1
"127"," 2024-03-23 06:17:12","NW4_EVENT15","NW4_EVENT15_A","A","D","NW4",1,"SM","NW4-SM1","N",1
"128"," 2024-03-23 06:17:12","NW4_EVENT15","NW4_EVENT15_W","W","D","NW4",1,"SM","NW4-SM1","N",2
"129"," 2024-03-23 10:18:48","NW4_EVENT16","NW4_EVENT16_W","W","L","NW4",1,"M","NW4-M1","mottled coat, mange",1
"130"," 2024-03-23 10:19:20","NW4_EVENT16","NW4_EVENT16_A","A","L","NW4",1,"M","NW4-M1","mottled coat, mange",2
"131"," 2024-03-30 18:03:32","NW4_EVENT17","NW4_EVENT17_W","W","L","NW4",1,"F","NW4-F1","mange, small, thin shoulders",1
"132"," 2024-03-30 18:03:44","NW4_EVENT17","NW4_EVENT17_A","A","L","NW4",1,"F","NW4-F1","mange, small, thin shoulders",2
"133"," 2024-03-31 12:15:12","NW4_EVENT18","NW4_EVENT18_W","W","L","NW4",1,"F","NW4-F1","mange, small, thin shoulders",1
"134"," 2024-03-31 12:15:28","NW4_EVENT18","NW4_EVENT18_A","A","L","NW4",1,"F","NW4-F1","mange, small, thin shoulders",2
"135"," 2024-03-31 15:37:00","NW4_EVENT19","NW4_EVENT19_W","W","L","NW4",1,"F","NW4-F1","mange, small, thin shoulders",1
"136"," 2024-03-31 15:37:10","NW4_EVENT19","NW4_EVENT19_A","A","L","NW4",1,"F","NW4-F1","mange, small, thin shoulders",2
"137"," 2024-03-31 18:04:04","NW4_EVENT20","NW4_EVENT20_W","W","L","NW4",1,"M","NW4-M1","mottled coat, mange",1
"138"," 2024-03-31 18:04:58","NW4_EVENT20","NW4_EVENT20_A","A","L","NW4",1,"M","NW4-M1","mottled coat, mange",2
"139"," 2024-04-01 06:37:42","NW4_EVENT21","NW4_EVENT21_A","A","L","NW4",2,"F + M","NW4-F2 + NW4-M1","mottled coat, mange",1
"140"," 2024-04-01 06:37:50","NW4_EVENT21","NW4_EVENT21_W","W","L","NW4",2,"F + M","NW4-F2 + NW4-M1","mottled coat, mange",2
"141"," 2024-04-01 11:24:56","NW4_EVENT22","NW4_EVENT22_A","A","L","NW4",1,"F","NW4-F1","mange, small, thin shoulders",0
"142"," 2024-03-17 22:44:12","NW5_EVENT1","NW5_EVENT1_A","A","D","NW5",1,"SF","NW5-SF1","N",1
"143"," 2024-03-17 22:44:42","NW5_EVENT1","NW5_EVENT1_W","W","D","NW5",1,"SF","NW5-SF1","N",2
"144"," 2024-03-19 06:19:48","NW5_EVENT2","NW5_EVENT2_A","A","D","NW5",1,"Unk","NW5-U1","N",2
"145"," 2024-03-19 06:19:48","NW5_EVENT2","NW5_EVENT2_W","W","D","NW5",1,"Unk","NW5-U1","N",1
"146"," 2024-03-20 04:52:22","NW5_EVENT3","NW5_EVENT3_A","A","D","NW5",1,"Unk","NW5-U2","N",0
"147"," 2024-03-20 10:00:40","NW5_EVENT4","NW5_EVENT4_A","A","N","NW5",1,"M","NW5-M1","N",0
"148"," 2024-03-21 06:33:32","NW5_EVENT10","NW5_EVENT10_A","A","N","NW5",1,"M","NW5-M1","N",0
"149"," 2024-03-23 03:02:40","NW5_EVENT5","NW5_EVENT5_A","A","D","NW5",1,"SF","NW5-SF1","N",0
"150"," 2024-03-24 07:11:18","NW5_EVENT6","NW5_EVENT6_A","A","L","NW5",1,"F","NW5-F1","N",0
"151"," 2024-03-24 19:57:50","NW5_EVENT7","NW5_EVENT7_A","A","D","NW5",1,"SF","NW5-SF1","N",0
"152"," 2024-03-28 13:05:34","NW5_EVENT8","NW5_EVENT8_A","A","L","NW5",1,"F","NW5-F2","N",2
"153"," 2024-03-28 13:05:46","NW5_EVENT8","NW5_EVENT8_W","W","L","NW5",1,"F","NW5-F2","N",1
"154"," 2024-03-28 13:23:38","NW5_EVENT9","NW5_EVENT9_A","A","L","NW5",1,"F","NW5-F2","N",1
"155"," 2024-03-28 13:23:42","NW5_EVENT9","NW5_EVENT9_W","W","L","NW5",1,"F","NW5-F2","N",2
"156"," 2024-03-04 14:31:36","NW6_EVENT1","NW6_EVENT1_W","W","L","NW6",1,"Unk","NW6-U1","N",0
"157"," 2024-03-06 08:05:54","NW6_EVENT2","NW6_EVENT2_W","W","L","NW6",1,"M","NW6-M1","N",0
"158"," 2024-03-07 10:21:44","NW6_EVENT3","NW6_EVENT3_W","W","L","NW6",1,"F","NW6-F1","mangey female",0
"159"," 2024-03-09 07:27:30","NW6_EVENT4","NW6_EVENT4_W","W","L","NW6",1,"M","NW6-M3","N",0
"160"," 2024-03-10 10:37:10","NW6_EVENT5","NW6_EVENT5_A","A","L","NW6",1,"M","NW6-M2","mangey male",0
"161"," 2024-03-10 10:53:32","NW6_EVENT6","NW6_EVENT6_W","W","L","NW6",1,"M","NW6-M2","mangey male",1
"162"," 2024-03-10 10:53:54","NW6_EVENT6","NW6_EVENT6_A","A","L","NW6",1,"M","NW6-M2","mangey male",2
"163"," 2024-03-10 11:38:32","NW6_EVENT7","NW6_EVENT7_W","W","L","NW6",1,"M","NW6-M2","mangey male",1
"164"," 2024-03-10 11:38:56","NW6_EVENT7","NW6_EVENT7_A","A","L","NW6",1,"M","NW6-M2","mangey male",2
"165"," 2024-03-10 11:57:46","NW6_EVENT8","NW6_EVENT8_W","W","L","NW6",2,"M + U","NW-M2 + NW6-U3","one mangey male, other mangey tail",0
"166"," 2024-03-10 12:00:56","NW6_EVENT9","NW6_EVENT9_W","W","L","NW6",1,"M","NW6-M2","mangey male",1
"167"," 2024-03-10 12:02:04","NW6_EVENT9","NW6_EVENT9_A","A","L","NW6",1,"M","NW6-M2","mangey male",2
"168"," 2024-03-10 12:41:46","NW6_EVENT10","NW6_EVENT10_W","W","L","NW6",1,"M","NW6-M2","mangey male",0
"169"," 2024-03-10 13:19:16","NW6_EVENT11","NW6_EVENT11_W","W","L","NW6",1,"M","NW6-M2","mangey male",0
"170"," 2024-03-11 18:10:28","NW6_EVENT12","NW6_EVENT12_W","W","L","NW6",1,"F","NW6-F2","N",1
"171"," 2024-03-11 18:11:32","NW6_EVENT12","NW6_EVENT12_A","A","L","NW6",1,"F","NW6-F2","N",2
"172"," 2024-03-11 19:55:20","NW6_EVENT13","NW6_EVENT13_A","A","L","NW6",1,"F","NW6-F2","N",0
"173"," 2024-03-12 10:37:54","NW6_EVENT14","NW6_EVENT14_W","W","L","NW6",1,"F","NW6-F1","mangey female",0
"174"," 2024-03-15 09:12:49","NW6_EVENT15","NW6_EVENT15_W","W","L","NW6",1,"F","NW6-F1","mangey female",0
"175"," 2024-03-15 09:24:44","NW6_EVENT16","NW6_EVENT16_W","W","L","NW6",1,"F","NW6-F1","mangey female",0
"176"," 2024-03-15 10:29:56","NW6_EVENT17","NW6_EVENT17_W","W","L","NW6",1,"F","NW6-F1","mangey female",0
"177"," 2024-03-15 12:31:04","NW6_EVENT18","NW6_EVENT18_A","A","L","NW6",1,"F","NW6-F1","mangey female",0
"178"," 2024-03-15 13:13:14","NW6_EVENT19","NW6_EVENT19_W","W","L","NW6",2,"F + M","NW6-F1 + NW6-M2","mangey female + mangey male",0
"179"," 2024-03-15 13:44:22","NW6_EVENT20","NW6_EVENT20_W","W","L","NW6",1,"M","NW6-M2","mangey male",0
"180"," 2024-03-15 18:18:48","NW6_EVENT21","NW6_EVENT21_W","W","L","NW6",2,"F + M","NW6-F1 + NW6-M2","mangey female + mangey male",0
"181"," 2024-03-15 20:19:16","NW6_EVENT22","NW6_EVENT22_A","A","L","NW6",1,"M","NW6-M2","mangey male",0
"182"," 2024-03-16 10:52:22","NW6_EVENT23","NW6_EVENT23_W","W","L","NW6",1,"F","NW6-F1","mangey female",0
"183"," 2024-03-17 06:48:06","NW6_EVENT24","NW6_EVENT24_W","W","L","NW6",2,"F + M","NW6-F3 + NW6-M1","oreo male",0
"184"," 2024-03-17 08:49:48","NW6_EVENT25","NW6_EVENT25_A","A","L","NW6",1,"M","NW6-M1","oreo male",0
"185"," 2024-03-17 10:32:04","NW6_EVENT26","NW6_EVENT26_W","W","L","NW6",1,"F","NW6-F1","mangey female",0
"186"," 2024-03-17 13:12:20","NW6_EVENT27","NW6_EVENT27_W","W","L","NW6",2,"F + M","NW6-F1 + NW6-M2","mangey male + mangey female",0
"187"," 2024-03-18 03:04:06","NW6_EVENT28","NW6_EVENT28_W","W","D","NW6",1,"F","NW6-F1","mangey female",0
"188"," 2024-03-18 05:05:06","NW6_EVENT29","NW6_EVENT29_A","A","D","NW6",1,"F","NW6-F1","mangey female",0
"189"," 2024-03-24 10:46:48","NW6_EVENT30","NW6_EVENT30_W","W","L","NW6",1,"M","NW6-M2","mangey male",0
"190"," 2024-03-24 11:19:18","NW6_EVENT31","NW6_EVENT31_W","W","L","NW6",1,"M","NW6-M2","mangey male",0
"191"," 2024-03-24 12:47:50","NW6_EVENT32","NW6_EVENT32_A","A","L","NW6",1,"M","NW6-M2","mangey male",0
"192"," 2024-03-25 11:15:34","NW6_EVENT33","NW6_EVENT33_W","W","L","NW6",1,"M","NW6-M2","mangey male",0
"193"," 2024-03-26 01:34:44","NW6_EVENT34","NW6_EVENT34_A","A","D","NW6",1,"F","NW6-F3","N",0
"194"," 2024-03-28 01:19:08","NW6_EVENT35","NW6_EVENT35_W","W","D","NW6",1,"Unk","NW6-U2","N",0
"195"," 2024-03-28 01:53:42","NW6_EVENT36","NW6_EVENT36_W","W","D","NW6",1,"F","NW6-F3","N",0
"196"," 2024-03-30 12:52:44","NW6_EVENT37","NW6_EVENT37_W","W","L","NW6",2,"F + M","NW6-F1 + NW6-M2","mangey female + mangey male",0
"197"," 2024-03-30 14:05:10","NW6_EVENT38","NW6_EVENT38_W","W","L","NW6",1,"F","NW6-F1","mangey female",0
"198"," 2024-03-31 06:57:32","NW6_EVENT39","NW6_EVENT39_W","W","L","NW6",1,"F","NW6-F3","N",0
"199"," 2024-04-01 09:35:18","NW6_EVENT40","NW6_EVENT40_W","W","L","NW6",1,"M","NW6-M2","mangey female + mangey male",0
"200"," 2024-02-08 04:09:14","SE1_EVENT1","SE1_EVENT1_W","W","D","SE1",1,"Unk","SE1-U1","N",0
"201"," 2024-02-12 22:06:48","SE1_EVENT2","SE1_EVENT2_W","W","D","SE1",1,"Unk","SE1-U1","N",1
"202"," 2024-02-12 22:07:20","SE1_EVENT2","SE1_EVENT2_A","A","D","SE1",1,"Unk","SE1-U1","N",2
"203"," 2024-02-19 09:53:16","SE1_EVENT3","SE1_EVENT3_W","W","L","SE1",1,"Unk","SE1-U1","N",0
"204"," 2024-02-06 05:10:44","SE2_EVENT1","SE2_EVENT1_W","W","D","SE2",1,"SF","SE2-SF1","N",0
"205"," 2024-02-07 02:09:28","SE2_EVENT2","SE2_EVENT2_W","W","D","SE2",1,"SF","SE2-SF2","burry forehead",0
"206"," 2024-02-10 00:54:00","SE2_EVENT3","SE2_EVENT3_W","W","D","SE2",1,"SM","SE2-SM1","N",0
"207"," 2024-02-10 01:23:34","SE2_EVENT4","SE2_EVENT4_W","W","D","SE2",1,"SM","SE2-SM1","N",0
"208"," 2024-02-21 19:53:04","SE2_EVENT5","SE2_EVENT5_A","A","D","SE2",1,"SM","SE2-SM1","N",1
"209"," 2024-02-21 19:53:44","SE2_EVENT5","SE2_EVENT5_W","W","D","SE2",1,"SM","SE2-SM1","N",2
"210"," 2024-02-22 22:11:57","SE2_EVENT6","SE2_EVENT6_A","A","D","SE2",1,"SM","SE2-SM2","N",1
"211"," 2024-02-22 22:12:30","SE2_EVENT6","SE2_EVENT6_W","W","D","SE2",1,"SM","SE2-SM2","N",2
"212"," 2024-02-24 23:38:26","SE2_EVENT7","SE2_EVENT7_A","A","D","SE2",1,"SM","SE2-SM2","N",1
"213"," 2024-02-24 23:41:20","SE2_EVENT7","SE2_EVENT7_W","W","D","SE2",1,"SM","SE2-SM2","N",2
"214"," 2024-02-25 02:09:48","SE2_EVENT8","SE2_EVENT8_W","W","D","SE2",1,"SM","SE2-SM2","N",0
"215"," 2024-02-27 12:22:30","SE2_EVENT9","SE2_EVENT9_A","A","L","SE2",1,"Unk","SE2-U1","mangey tail/ butt",1
"216"," 2024-02-27 12:22:46","SE2_EVENT9","SE2_EVENT9_W","W","L","SE2",1,"Unk","SE2-U1","mangey tail/ butt",2
"217"," 2024-02-15 10:03:36","SE3_EVENT1","SE3_EVENT1_W","W","L","SE3",1,"Unk","SE3-U1","N",0
"218"," 2024-02-06 21:19:40","SE4_EVENT1","SE4_EVENT1_A","A","D","SE4",1,"M","SE4-M1","N",0
"219"," 2024-02-20 08:19:10","SE4_EVENT2","SE4_EVENT2_A","A","L","SE4",1,"Unk","SE4-U1","N",0
"220"," 2024-02-20 15:37:38","SE4_EVENT3","SE4_EVENT3_A","A","L","SE4",1,"M","SE4-M1","N",0
"221"," 2024-02-21 15:12:18","SE4_EVENT4","SE4_EVENT4_W","W","L","SE4",1,"Unk","SE4-U2","mangey tail",0
"222"," 2024-02-23 17:57:48","SE4_EVENT5","SE4_EVENT5_A","A","L","SE4",3,"F + M + UNK","SE4-F1 + SE4-M1 + SE4-U3","N",0
"223"," 2024-02-25 11:27:32","SE4_EVENT6","SE4_EVENT6_A","A","L","SE4",3,"F + M + UNK","SE4-F1 + SE4-M1 + SE4-U3","N",0
"224"," 2024-02-04 05:56:30","SE5_EVENT1","SE5_EVENT1_A","A","D","SE5",1,"F","SE5-F1","N",1
"225"," 2024-02-04 06:02:18","SE5_EVENT1","SE5_EVENT1_W","W","D","SE5",1,"F","SE5-F1","N",2
"226"," 2024-02-04 06:39:38","SE5_EVENT2","SE5_EVENT2_A","A","D","SE5",1,"F","SE5-F1","N",0
"227"," 2024-02-05 05:12:50","SE5_EVENT3","SE5_EVENT3_W","W","D","SE5",1,"Unk","SE5-U1","N",0
"228"," 2024-02-06 23:36:40","SE5_EVENT4","SE5_EVENT4_W","W","D","SE5",1,"SM","SE5-SM1","funny patch of neck fur",0
"229"," 2024-02-07 06:08:10","SE5_EVENT5","SE5_EVENT5_W","W","D","SE5",1,"SM","SE5-SM1","funny patch of neck fur",0
"230"," 2024-02-08 07:07:40","SE5_EVENT6","SE5_EVENT6_W","W","D","SE5",1,"F","SE5-F1","N",0
"231"," 2024-02-11 15:03:46","SE5_EVENT7","SE5_EVENT7_W","W","L","SE5",1,"SM","SE5-SM1","funny patch of neck fur",0
"232"," 2024-02-11 16:24:34","SE5_EVENT8","SE5_EVENT8_W","W","L","SE5",1,"SM","SE5-SM1","funny patch of neck fur",1
"233"," 2024-02-11 16:34:36","SE5_EVENT9","SE5_EVENT9_A","A","L","SE5",1,"SM","SE5-SM1","funny patch of neck fur",1
"234"," 2024-02-11 16:35:00","SE5_EVENT9","SE5_EVENT9_W","W","L","SE5",1,"SM","SE5-SM1","funny patch of neck fur",2
"235"," 2024-02-12 03:23:34","SE5_EVENT10","SE5_EVENT10_A","A","D","SE5",1,"F","SE5-F1","N",0
"236"," 2024-02-14 10:04:26","SE5_EVENT11","SE5_EVENT11_A","A","L","SE5",1,"F","SE5-F1","N",0
"237"," 2024-02-15 23:32:02","SE5_EVENT12","SE5_EVENT12_A","A","D","SE5",1,"F","SE5-F1","N",0
"238"," 2024-02-21 22:25:06","SE5_EVENT13","SE5_EVENT13_W","W","D","SE5",1,"F","SE5-F1","N",0
"239"," 2024-02-11 03:33:36","SE6_EVENT1","SE6_EVENT1_A","A","D","SE6",1,"Unk","SE6-U1","scruffy back",0
"240"," 2024-02-13 15:13:44","SE6_EVENT2","SE6_EVENT2_W","W","L","SE6",1,"M","SE6-M1","N",2
"241"," 2024-02-13 15:14:04","SE6_EVENT2","SE6_EVENT2_A","A","L","SE6",1,"M","SE6-M1","N",1
"242"," 2024-02-13 15:29:42","SE6_EVENT3","SE6_EVENT3_W","W","L","SE6",1,"M","SE6-M1","N",1
"243"," 2024-02-13 15:30:24","SE6_EVENT3","SE6_EVENT3_A","A","L","SE6",1,"M","SE6-M1","N",2
"244"," 2024-02-19 22:57:16","SE6_EVENT4","SE6_EVENT4_A","A","D","SE6",1,"Unk","SE6-U1","scruffy back",1
"245"," 2024-02-19 22:57:34","SE6_EVENT4","SE6_EVENT4_W","W","D","SE6",1,"Unk","SE6-U1","scruffy back",2
"246"," 2024-02-20 23:46:04","SE6_EVENT5","SE6_EVENT5_W","W","D","SE6",1,"M","SE6-M1","N",0
"247"," 2024-02-08 22:45:58","SE7_EVENT1","SE7_EVENT1_A","A","D","SE7",1,"M","SE7-M1","thin tail",0
"248"," 2024-02-09 01:42:25","SE7_EVENT2","SE7_EVENT2_W","W","D","SE7",1,"M","SE7-M2","N",1
"249"," 2024-02-09 01:45:30","SE7_EVENT2","SE7_EVENT2_A","A","D","SE7",1,"M","SE7-M2","N",2
"250"," 2024-02-24 12:33:00","SE7_EVENT3","SE7_EVENT3_A","A","L","SE7",1,"F","SE7-F1","thin fur/ young vibe",1
"251"," 2024-02-24 12:50:06","SE7_EVENT3","SE7_EVENT3_W","W","L","SE7",1,"F","SE7-F1","thin fur/ young vibe",2
"252"," 2024-02-24 15:14:38","SE7_EVENT4","SE7_EVENT4_A","A","L","SE7",1,"F","SE7-F1","thin fur/ young vibe",0
"253"," 2024-03-06 17:53:48","SW1_EVENT1","SW1_EVENT1_W","W","D","SW1",1,"SM","SW1-SM1","N",0
"254"," 2024-03-07 23:37:34","SW1_EVENT2","SW1_EVENT2_W","W","D","SW1",1,"SM","SW1-SM1","N",0
"255"," 2024-03-09 00:24:38","SW1_EVENT3","SW1_EVENT3_W","W","D","SW1",1,"SM","SW1-SM1","N",0
"256"," 2024-03-12 04:26:26","SW1_EVENT4","SW1_EVENT4_W","W","D","SW1",1,"SM","SW1-SM1","N",0
"257"," 2024-03-13 06:19:10","SW1_EVENT5","SW1_EVENT5_A","A","D","SW1",1,"Unk","SW1-U1","N",0
"258"," 2024-03-14 19:13:56","SW1_EVENT6","SW1_EVENT6_W","W","D","SW1",1,"SM","SW1-SM1","N",0
"259"," 2024-03-19 19:15:06","SW1_EVENT7","SW1_EVENT7_W","W","D","SW1",1,"SM","SW1-SM1","N",0
"260"," 2024-03-20 19:42:58","SW1_EVENT8","SW1_EVENT8_W","W","D","SW1",1,"SF","SW1-SF1","N",0
"261"," 2024-03-21 05:15:58","SW1_EVENT9","SW1_EVENT9_W","W","D","SW1",1,"SF","SW1-SF1","N",0
"262"," 2024-03-21 19:52:14","SW1_EVENT10","SW1_EVENT10_A","A","D","SW1",1,"M","SW1-M1","N",0
"263"," 2024-03-22 00:07:34","SW1_EVENT11","SW1_EVENT11_A","A","D","SW1",1,"SM","SW1-SM1","N",0
"264"," 2024-03-23 08:49:44","SW1_EVENT12","SW1_EVENT12_W","W","L","SW1",1,"F","SW1-F1","ratty tail",0
"265"," 2024-03-23 20:53:18","SW1_EVENT13","SW1_EVENT13_W","W","D","SW1",1,"Unk","SW1-U1","N",0
"266"," 2024-03-24 01:38:58","SW1_EVENT14","SW1_EVENT14_W","W","D","SW1",1,"M","SW1-M1","N",0
"267"," 2024-03-30 22:10:58","SW1_EVENT15","SW1_EVENT15_A","A","D","SW1",1,"Unk","SW1-U1","N",0
"268"," 2024-03-06 15:39:46","SW2_EVENT1","SW2_EVENT1_W","W","L","SW2",1,"SF","SW2-SF1","N",0
"269"," 2024-03-06 15:49:42","SW2_EVENT2","SW2_EVENT2_W","W","L","SW2",1,"SF","SW2-SF1","N",0
"270"," 2024-03-20 03:05:36","SW2_EVENT3","SW2_EVENT3_A","A","D","SW2",1,"SF","SW2-SF1","N",0
"271"," 2024-03-20 23:10:32","SW2_EVENT4","SW2_EVENT4_A","A","D","SW2",1,"Unk","SW2-U1","N",0
"272"," 2024-03-22 10:22:02","SW2_EVENT5","SW2_EVENT5_W","W","L","SW2",1,"F","SW2-F1","N",1
"273"," 2024-03-22 10:23:30","SW2_EVENT5","SW2_EVENT5_A","A","L","SW2",1,"F","SW2-F1","N",2
"274"," 2024-03-26 00:17:02","SW2_EVENT6","SW2_EVENT6_W","W","D","SW2",1,"M","SW2-M1","scruffy neck",1
"275"," 2024-03-26 00:17:18","SW2_EVENT6","SW2_EVENT6_A","A","D","SW2",1,"M","SW2-M1","scruffy neck",2
"276"," 2024-03-27 20:20:08","SW2_EVENT7","SW2_EVENT7_W","W","D","SW2",1,"Unk","SW2-U2","N",0
"277"," 2024-03-29 02:09:24","SW2_EVENT8","SW2_EVENT8_W","W","D","SW2",2,"F + M","SW2-F1 + SW2-M1","N",0
"278"," 2024-03-30 05:38:52","SW2_EVENT9","SW2_EVENT9_W","W","D","SW2",1,"Unk","SW2-U2","N",0
"279"," 2024-03-08 01:51:34","SW3_EVENT1","SW3_EVENT1_A","A","D","SW3",1,"F","SW3-F2","tail scruff",1
"280"," 2024-03-08 01:52:26","SW3_EVENT1","SW3_EVENT1_W","W","D","SW3",1,"F","SW3-F2","tail scruff",2
"281"," 2024-03-09 04:28:14","SW3_EVENT2","SW3_EVENT2_A","A","D","SW3",2,"F + M","SW3-F1 + SW3-M1","N",1
"282"," 2024-03-09 04:32:56","SW3_EVENT2","SW3_EVENT2_W","W","D","SW3",2,"F + M","SW3-F1 + SW3-M1","N",2
"283"," 2024-03-15 03:31:56","SW3_EVENT3","SW3_EVENT3_A","A","D","SW3",1,"M","SW3-M1","N",0
"284"," 2024-03-15 16:03:14","SW3_EVENT4","SW3_EVENT4_A","A","L","SW3",1,"SM","SW3-SM1","slightly mangey",1
"285"," 2024-03-15 16:05:50","SW3_EVENT4","SW3_EVENT4_W","W","L","SW3",1,"SM","SW3-SM1","slightly mangey",2
"286"," 2024-03-15 20:05:30","SW3_EVENT5","SW3_EVENT5_A","A","D","SW3",1,"F","SW3-F2","tail scruff",0
"287"," 2024-03-17 00:04:00","SW3_EVENT6","SW3_EVENT6_W","W","D","SW3",1,"F","SW3-F2","tail scruff",0
"288"," 2024-03-19 03:55:49","SW3_EVENT7","SW3_EVENT7_A","A","D","SW3",1,"F","SW3-F2","tail scruff",0
"289"," 2024-03-23 05:12:28","SW3_EVENT8","SW3_EVENT8_W","W","D","SW3",1,"F","SW3-F1","N",0
"290"," 2024-03-24 00:15:18","SW3_EVENT9","SW3_EVENT9_W","W","D","SW3",1,"F","SW3-F1","N",0
"291"," 2024-03-26 01:03:38","SW3_EVENT10","SW3_EVENT10_A","A","D","SW3",2,"F + M","SW3-F1 + SW3-M1","N",1
"292"," 2024-03-26 01:04:20","SW3_EVENT10","SW3_EVENT10_W","W","D","SW3",2,"F + M","SW3-F1 + SW3-M1","N",2
"293"," 2024-03-28 17:40:00","SW3_EVENT11","SW3_EVENT11_A","A","L","SW3",1,"M","SW3-M1","N",0
"294"," 2024-03-29 19:34:20","SW3_EVENT12","SW3_EVENT12_W","W","D","SW3",1,"F","SW3-F1","N",0
"295"," 2024-03-29 20:59:04","SW3_EVENT13","SW3_EVENT13_W","W","D","SW3",1,"F","SW3-F1","N",0
"296"," 2024-03-30 01:15:00","SW3_EVENT14","SW3_EVENT14_W","W","D","SW3",2,"F + M","SW3-F1 + SW3-M1","N",0
"297"," 2024-03-31 01:01:30","SW3_EVENT15","SW3_EVENT15_W","W","D","SW3",2,"F + M","SW3-F1 + SW3-M1","N",0
"298"," 2024-04-01 01:03:32","SW3_EVENT16","SW3_EVENT16_W","W","D","SW3",1,"SM","SW3-SM1","slightly mangey",0
"299"," 2024-04-01 04:29:14","SW3_EVENT17","SW3_EVENT17_W","W","D","SW3",1,"M","SW3-M1","N",0
"300"," 2024-04-01 22:06:28","SW3_EVENT18","SW3_EVENT18_W","W","D","SW3",1,"F","SW3-F2","tail scruff",0
"301"," 2024-04-02 00:48:18","SW3_EVENT19","SW3_EVENT19_A","A","D","SW3",1,"F","SW3-F2","tail scruff",0
"302"," 2024-03-09 14:09:52","SW4_EVENT1","SW4_EVENT1_W","W","L","SW4",1,"F","SW4-U4","N",0
"303"," 2024-03-09 23:09:58","SW4_EVENT2","SW4_EVENT2_W","W","D","SW4",2,"F + M","SW4-F1 + SW4-M1","N",0
"304"," 2024-03-10 07:54:08","SW4_EVENT3","SW4_EVENT3_W","W","L","SW4",2,"F + M","SW4-F1 + SW4-M1","N",0
"305"," 2024-03-10 21:25:31","SW4_EVENT4","SW4_EVENT4_A","A","D","SW4",1,"Unk","SW4-U1","N",1
"306"," 2024-03-10 21:25:38","SW4_EVENT4","SW4_EVENT4_W","W","D","SW4",1,"Unk","SW4-U1","N",2
"307"," 2024-03-11 08:37:00","SW4_EVENT5","SW4_EVENT5_W","W","L","SW4",1,"SM","SW4-SM1","muzzle scar + slight butt scruff",0
"308"," 2024-03-11 21:28:28","SW4_EVENT6","SW4_EVENT6_W","W","D","SW4",1,"SM","SW4-SM1","muzzle scar + slight butt scruff",0
"309"," 2024-03-11 23:49:08","SW4_EVENT7","SW4_EVENT7_W","W","D","SW4",1,"SM","SW4-SM1","muzzle scar + slight butt scruff",0
"310"," 2024-03-12 20:42:16","SW4_EVENT8","SW4_EVENT8_W","W","D","SW4",1,"SM","SW4-SM1","slight butt scruff",0
"311"," 2024-03-14 06:06:34","SW4_EVENT9","SW4_EVENT9_W","W","D","SW4",2,"F + M","SW4-F1 + SW4-M1","N",0
"312"," 2024-03-14 20:22:50","SW4_EVENT10","SW4_EVENT10_W","W","D","SW4",1,"F","SW4-F2","N",0
"313"," 2024-03-14 23:13:26","SW4_EVENT11","SW4_EVENT11_W","W","D","SW4",1,"F","SW4-F2","N",0
"314"," 2024-03-16 19:30:52","SW4_EVENT12","SW4_EVENT12_W","W","D","SW4",2,"F + M","SW4-F1 + SW4-M1","N",1
"315"," 2024-03-16 19:30:56","SW4_EVENT12","SW4_EVENT12_A","A","D","SW4",2,"F + M","SW4-F1 + SW4-M1","N",2
"316"," 2024-03-16 22:24:28","SW4_EVENT13","SW4_EVENT13_W","W","D","SW4",2,"F + M","SW4-F1 + SW4-M1","N",0
"317"," 2024-03-18 22:46:24","SW4_EVENT14","SW4_EVENT14_W","W","D","SW4",2,"F + M","SW4-F1 + SW4-M1","N",0
"318"," 2024-03-19 00:50:38","SW4_EVENT15","SW4_EVENT15_W","W","D","SW4",1,"F","SW4-F2","N",0
"319"," 2024-03-19 22:19:32","SW4_EVENT16","SW4_EVENT16_W","W","D","SW4",1,"M","SW4-M1","N",0
"320"," 2024-03-21 23:20:48","SW4_EVENT17","SW4_EVENT17_W","W","D","SW4",1,"F + M","SW4-F1 + SW4-M1","N",0
"321"," 2024-03-22 20:19:42","SW4_EVENT18","SW4_EVENT18_W","W","D","SW4",1,"Unk","SW4-U3","N",0
"322"," 2024-03-23 09:59:24","SW4_EVENT19","SW4_EVENT19_W","W","L","SW4",1,"M","SW4-M2","N",0
"323"," 2024-03-23 10:20:30","SW4_EVENT20","SW4_EVENT20_W","W","L","SW4",1,"SM","SW4-SM1","slight butt scruff",0
"324"," 2024-03-23 10:37:08","SW4_EVENT21","SW4_EVENT21_W","W","L","SW4",1,"Unk","SW4-U4","very slender",0
"325"," 2024-03-25 20:55:02","SW4_EVENT22","SW4_EVENT22_W","W","D","SW4",2,"F + M","SW4-F1 + SW4-M1","N",0
"326"," 2024-03-26 20:42:32","SW4_EVENT23","SW4_EVENT23_W","W","D","SW4",3,"F + M + SM","SW4-F1 + SW4-M1 + SW4-SM1","N + N + muzzle scar + slightly butt scruff",0
"327"," 2024-03-27 11:38:10","SW4_EVENT24","SW4_EVENT24_W","W","L","SW4",1,"Unk","SW4-U4","very slender",0
"328"," 2024-03-28 18:45:04","SW4_EVENT25","SW4_EVENT25_W","W","L","SW4",3,"F + M + SM","SW4-F1 + SW4-M1 + SW4-SM1","N + N + muzzle scar + slightly butt scruff",0
"329"," 2024-03-29 00:39:22","SW4_EVENT26","SW4_EVENT26_W","W","D","SW4",1,"M","SW4-M2","N",0
"330"," 2024-03-29 19:34:46","SW4_EVENT27","SW4_EVENT27_W","W","D","SW4",1,"M","SW4-M2","N",0
"331"," 2024-03-31 04:24:14","SW4_EVENT28","SW4_EVENT28_W","W","D","SW4",1,"SM","SW4-SM1","slight butt scruff",0
"332"," 2024-03-31 23:17:48","SW4_EVENT29","SW4_EVENT29_W","W","D","SW4",1,"Unk","SW4-U2","N",0
"333"," 2024-04-01 21:43:02","SW4_EVENT30","SW4_EVENT30_W","W","D","SW4",1,"M","SW4-M2","N",0
"334"," 2024-04-02 04:27:38","SW4_EVENT31","SW4_EVENT31_W","W","D","SW4",2,"F + M","SW4-F1 + SW4-M1","N",0
"335"," 2024-03-11 04:12:10","SW5_EVENT1","SW5_EVENT1_W","W","D","SW5",1,"SF","SW5-SF1","N",0
"336"," 2024-03-05 00:45:40","SW6_EVENT1","SW6_EVENT1_A","A","D","SW6",1,"Unk","SW6-U1","N",0
"337"," 2024-03-16 07:03:56","SW6_EVENT2","SW6_EVENT2_W","W","L","SW6",1,"F","SW6-F1","pregnant",0
"338"," 2024-03-17 14:07:00","SW6_EVENT3","SW6_EVENT3_A","A","L","SW6",1,"F","SW6-F1","pregnant",0
"339"," 2024-03-18 11:05:04","SW6_EVENT4","SW6_EVENT4_W","W","L","SW6",2,"F + M","SW6-F1 + SW6-M1","pregnant",0
"340"," 2024-03-18 23:02:08","SW6_EVENT5","SW6_EVENT5_W","W","D","SW6",1,"Unk","SW6-U2","N",0
"341"," 2024-03-19 10:44:14","SW6_EVENT6","SW6_EVENT6_W","W","L","SW6",1,"F","SW6-F1","pregnant",1
"342"," 2024-03-19 10:44:26","SW6_EVENT6","SW6_EVENT6_A","A","L","SW6",1,"F","SW6-F1","pregnant",2
"343"," 2024-03-19 14:33:04","SW6_EVENT7","SW6_EVENT7_A","A","L","SW6",1,"M","SW6-M1","N",0
"344"," 2024-03-20 09:44:54","SW6_EVENT8","SW6_EVENT8_A","A","L","SW6",1,"F","SW6-F1","pregnant",1
"345"," 2024-03-20 09:45:56","SW6_EVENT8","SW6_EVENT8_W","W","L","SW6",1,"F","SW6-F1","pregnant",2
"346"," 2024-03-21 08:04:10","SW6_EVENT9","SW6_EVENT9_A","A","L","SW6",1,"M","SW6-M1","N",0
"347"," 2024-03-22 11:14:30","SW6_EVENT10","SW6_EVENT10_A","A","L","SW6",1,"M","SW6-M1","N",1
"348"," 2024-03-22 11:15:14","SW6_EVENT10","SW6_EVENT10_W","W","L","SW6",1,"M","SW6-M1","N",2
"349"," 2024-03-24 03:28:04","SW6_EVENT11","SW6_EVENT11_A","A","D","SW6",1,"F","SW6-F2","N",0
"350"," 2024-03-24 08:36:48","SW6_EVENT12","SW6_EVENT12_A","A","L","SW6",1,"M","SW6-M1","N",0
"351"," 2024-03-24 08:44:12","SW6_EVENT13","SW6_EVENT13_A","A","L","SW6",1,"M","SW6-M1","N",0
"352"," 2024-03-24 11:18:10","SW6_EVENT14","SW6_EVENT14_A","A","L","SW6",2,"F + M","SW6-F1 + SW6-M1","pregnant",1
"353"," 2024-03-24 11:19:32","SW6_EVENT14","SW6_EVENT14_W","W","L","SW6",2,"F + M","SW6-F1 + SW6-M1","pregnant",2
"354"," 2024-03-25 02:44:04","SW6_EVENT15","SW6_EVENT15_W","W","D","SW6",1,"F","SW6-F2","N",0
"355"," 2024-03-27 04:22:32","SW6_EVENT16","SW6_EVENT16_A","A","D","SW6",1,"F","SW6-F2","N",0
"356"," 2024-03-27 21:15:44","SW6_EVENT17","SW6_EVENT17_W","W","D","SW6",1,"F","SW6-F1","pregnant",1
"357"," 2024-03-27 21:15:52","SW6_EVENT17","SW6_EVENT17_A","A","D","SW6",1,"F","SW6-F1","pregnant",2
"358"," 2024-03-28 05:28:14","SW6_EVENT18","SW6_EVENT18_A","A","D","SW6",1,"F","SW6-F2","N",1
"359"," 2024-03-28 05:28:54","SW6_EVENT18","SW6_EVENT18_W","W","D","SW6",1,"F","SW6-F2","N",2
"360"," 2024-03-28 08:43:32","SW6_EVENT19","SW6_EVENT19_A","A","L","SW6",1,"M","SW6-M1","N",1
"361"," 2024-03-28 08:44:06","SW6_EVENT19","SW6_EVENT19_W","W","L","SW6",1,"M","SW6-M1","N",2
"362"," 2024-03-28 14:51:44","SW6_EVENT20","SW6_EVENT20_W","W","L","SW6",1,"M","SW6-M1","N",2
"363"," 2024-03-28 18:32:14","SW6_EVENT21","SW6_EVENT21_A","A","L","SW6",1,"M","SW6-M1","N",0
"364"," 2024-03-29 02:52:50","SW6_EVENT22","SW6_EVENT22_A","A","D","SW6",1,"M","SW6-M1","N",1
"365"," 2024-03-29 02:53:16","SW6_EVENT22","SW6_EVENT22_W","W","D","SW6",1,"M","SW6-M1","N",2
"366"," 2024-03-29 12:29:16","SW6_EVENT23","SW6_EVENT23_W","W","L","SW6",1,"F","SW6-F2","N",0
"367"," 2024-03-30 17:29:48","SW6_EVENT24","SW6_EVENT24_A","A","L","SW6",1,"M","SW6-M1","N",0
"368"," 2024-04-01 00:09:38","SW6_EVENT25","SW6_EVENT25_A","A","D","SW6",1,"F","SW6-F2","N",1
"369"," 2024-04-01 00:10:44","SW6_EVENT25","SW6_EVENT25_W","W","D","SW6",1,"F","SW6-F2","N",2
"370"," 2024-04-01 10:15:36","SW6_EVENT26","SW6_EVENT26_W","W","L","SW6",1,"M","SW6-M1","N",0
"371"," 2024-04-01 18:10:58","SW6_EVENT27","SW6_EVENT27_A","A","L","SW6",1,"M","SW6-M1","N",0
"372"," 2024-04-01 23:59:46","SW6_EVENT28","SW6_EVENT28_A","A","D","SW6",1,"F","SW6-F2","N",1
"373"," 2024-04-02 00:00:18","SW6_EVENT28","SW6_EVENT28_W","W","D","SW6",1,"F","SW6-F2","N",2
"374"," 2024-04-02 07:24:00","SW6_EVENT29","SW6_EVENT29_W","W","L","SW6",1,"F","SW6-F2","N",1
"375"," 2024-04-02 07:24:16","SW6_EVENT29","SW6_EVENT29_A","A","L","SW6",1,"F","SW6-F2","N",2
"376"," 2024-03-13 07:14:11","SW7_EVENT1","SW7_EVENT1_A","A","L","SW7",1,"SF","SW7_SF1","mangey back and tail",0
"377"," 2024-03-13 08:35:30","SW7_EVENT2","SW7_EVENT2_A","A","L","SW7",1,"F","SW7_F1","pregnant",0
"378"," 2024-03-13 18:55:04","SW7_EVENT3","SW7_EVENT3_A","A","L","SW7",1,"SF","SW7_SF1","mangey back and tail",0
"379"," 2024-03-15 12:50:00","SW7_EVENT4","SW7_EVENT4_W","W","L","SW7",1,"M","SW7_M1","N",0
"380"," 2024-03-18 05:55:00","SW7_EVENT5","SW7_EVENT5_A","A","D","SW7",1,"Unk","SW7_U1","N",0
"381"," 2024-03-18 20:21:35","SW7_EVENT6","SW7_EVENT6_W","W","D","SW7",1,"Unk","SW7_U2","N",0
"382"," 2024-03-22 06:51:00","SW7_EVENT7","SW7_EVENT7_W","W","L","SW7",1,"M","SW7_M1","N",0
"383"," 2024-03-23 13:39:34","SW7_EVENT8","SW7_EVENT8_W","W","L","SW7",1,"F","SW7_F1","pregnant",0
"384"," 2024-03-27 06:12:24","SW7_EVENT9","SW7_EVENT9_W","W","L","SW7",1,"SF","SW7_SF1","mangey back and tail",0
"385"," 2024-03-30 18:26:26","SW7_EVENT10","SW7_EVENT10_W","W","L","SW7",1,"SF","SW7_SF1","mangey back and tail",0
"386"," 2024-02-16 19:10:00","E1_EVENT1","E1_EVENT1_W","W","D","E1",1,"Unk","E1_U1","N",0
"387"," 2024-02-21 22:22:08","E1_EVENT2","E1_EVENT2_A","A","D","E1",1,"M","E1_M1","N",1
"388"," 2024-02-21 22:22:30","E1_EVENT2","E1_EVENT2_W","W","D","E1",1,"M","E1_M1","N",2
"389"," 2024-02-23 00:21:22","E1_EVENT3","E1_EVENT3_A","A","D","E1",1,"SF","E1_SF1","slightly scruffy neck",2
"390"," 2024-02-23 00:21:54","E1_EVENT3","E1_EVENT3_W","W","D","E1",1,"SF","E1_SF1","slightly scruffy neck",1
"391"," 2024-02-27 05:01:02","E1_EVENT4","E1_EVENT4_A","A","D","E1",1,"SF","E1_SF2","N",0
"392"," 2024-02-28 07:28:00","E1_EVENT5","E1_EVENT5_A","A","L","E1",2,"M + M","E1_M2 + E1_M3","N",1
"393"," 2024-02-28 07:28:24","E1_EVENT5","E1_EVENT5_W","W","L","E1",2,"M + M","E1_M2 + E1_M3","N",2
"394"," 2024-02-13 16:47:30","E2_EVENT1","E2_EVENT1_A","A","L","E2",1,"Unk","E2-U1","N",0
"395"," 2024-02-20 00:24:32","E2_EVENT2","E2_EVENT2_W","W","D","E2",2,"F + M","E2-F1 + E2-M1","N",0
"396"," 2024-02-25 19:18:44","E2_EVENT3","E2_EVENT3_A","A","D","E2",1,"F","E2-F2","N",1
"397"," 2024-02-25 19:19:24","E2_EVENT3","E2_EVENT3_W","W","D","E2",1,"F","E2-F2","N",2
"398"," 2024-02-28 21:55:36","E2_EVENT4","E2_EVENT4_A","A","D","E2",3,"F + M + U","E2-F2 + E2-M2 + E2-U2","N",1
"399"," 2024-02-28 21:56:14","E2_EVENT4","E2_EVENT4_W","W","D","E2",3,"F + M + U","E2-F2 + E2-M2 + E2-U2","N",2
"400"," 2024-02-13 20:45:26","E3_EVENT1","E3_EVENT1_W","W","D","E3",1,"FALSE","E3-F1","N",0
"401"," 2024-02-14 15:21:24","E5_EVENT1","E5_EVENT1_W","W","L","E5",1,"Unk","E5-U1","N",0
"402"," 2024-02-23 21:50:58","E5_EVENT2","E5_EVENT2_A","A","D","E5",1,"Unk","E5-U2","N",0
"403"," 2024-02-09 01:49:32","E6_EVENT1","E6_EVENT1_A","A","D","E6",1,"SF","E6-SF1","N",0
"404"," 2024-02-09 03:23:48","E6_EVENT2","E6_EVENT2_W","W","D","E6",1,"Unk","E6-U1","N",0
"405"," 2024-02-09 04:29:52","E6_EVENT3","E6_EVENT3_A","A","D","E6",1,"Unk","E6-U1","N",0
"406"," 2024-02-09 05:17:42","E6_EVENT4","E6_EVENT4_W","W","D","E6",1,"Unk","E6-U1","N",0
"407"," 2024-02-09 05:33:26","E6_EVENT5","E6_EVENT5_A","A","D","E6",1,"SF","E6-SF2","slightly scruffy",2
"408"," 2024-02-09 05:33:56","E6_EVENT5","E6_EVENT5_W","W","D","E6",1,"SF","E6-SF2","slightly scruffy",1
"409"," 2024-02-09 06:23:42","E6_EVENT6","E6_EVENT6_W","W","D","E6",1,"SM","E6-SM1","bowed back",1
"410"," 2024-02-09 06:25:06","E6_EVENT6","E6_EVENT6_A","A","D","E6",1,"SM","E6-SM1","bowed back",2
"411"," 2024-02-19 13:21:54","E6_EVENT7","E6_EVENT7_W","W","L","E6",1,"M","E6-M1","N",1
"412"," 2024-02-19 13:22:28","E6_EVENT7","E6_EVENT7_A","A","L","E6",1,"M","E6-M1","N",2
"413"," 2024-02-08 20:40:40","E7_EVENT1","E7_EVENT1_A","A","D","E7",1,"Unk","E7-U1","N",0
"414"," 2024-02-11 20:22:08","E7_EVENT2","E7_EVENT2_A","A","D","E7",1,"F","E7-F1","burrs",1
"415"," 2024-02-11 20:23:04","E7_EVENT2","E7_EVENT2_W","W","D","E7",1,"F","E7-F1","burrs",2
"416"," 2024-02-14 12:42:00","E7_EVENT3","E7_EVENT3_W","W","L","E7",1,"M","E7-M1","N",0
"417"," 2024-02-22 19:19:56","E7_EVENT4","E7_EVENT4_A","A","D","E7",1,"Unk","E7-U1","N",0
"418"," 2024-03-04 05:55:46","E8_EVENT1","E8_EVENT1_A","A","L","E8",1,"SF","E8-SF1","N",0
"419"," 2024-03-07 07:46:08","E8_EVENT2","E8_EVENT2_A","A","L","E8",1,"Unk","E8-U1","N",0
"420"," 2024-03-11 21:56:44","E8_EVENT3","E8_EVENT3_W","W","D","E8",1,"SM","E8-SM1","N",0
"421"," 2024-03-14 05:07:26","E8_EVENT4","E8_EVENT4_A","A","D","E8",1,"SM","E8-SM1","N",0
"422"," 2024-03-14 21:29:04","E8_EVENT5","E8_EVENT5_W","W","D","E8",1,"SM","E8-SM1","N",0
"423"," 2024-03-16 21:34:46","E8_EVENT6","E8_EVENT6_A","A","D","E8",1,"SF","E8-SF1","N",0
"424"," 2024-03-22 01:49:16","E8_EVENT7","E8_EVENT7_A","A","D","E8",3,"F + M + U","E8-F1 + E8-M1 + E8-U2","N",1
"425"," 2024-03-22 01:49:20","E8_EVENT7","E8_EVENT7_W","W","D","E8",3,"F + M + U","E8-F1 + E8-M1 + E8-U2","N",2
"426"," 2024-03-22 21:24:14","E8_EVENT8","E8_EVENT8_A","A","D","E8",1,"SF","E8-SF2","N",0
"427"," 2024-03-26 23:26:54","E8_EVENT9","E8_EVENT9_W","W","D","E8",4,"F + M + M + U","E8-F1 + E8-M1 + E8-M2 +E8-U2","N",1
"428"," 2024-03-26 23:28:26","E8_EVENT9","E8_EVENT9_A","A","D","E8",4,"F + M + M + U","E8-F1 + E8-M1 + E8-M2 +E8-U2","N",2
"429"," 2024-03-30 19:43:48","E8_EVENT10","E8_EVENT10_W","W","D","E8",3,"F + M + M","E8-F1 + E8-M1 + E8-M2","N",1
"430"," 2024-03-30 19:44:26","E8_EVENT10","E8_EVENT10_A","A","D","E8",3,"F + M + M","E8-F1 + E8-M1 + E8-M2","N",2
"431"," 2024-04-01 02:42:02","E8_EVENT11","E8_EVENT11_A","A","D","E8",1,"Unk","E8-U3","N",0
"432"," 2024-03-07 23:48:26","E9_EVENT1","E9_EVENT1_A","A","D","E9",1,"SF","E9_SF1","N",0
"433"," 2024-03-13 23:34:34","E9_EVENT2","E9_EVENT2_W","W","D","E9",1,"SF","E9_SF2","N",0
"434"," 2024-03-16 17:49:12","E9_EVENT3","E9_EVENT3_W","W","L","E9",1,"M","E9-M1","limp",0
"435"," 2024-03-27 21:01:40","E9_EVENT4","E9_EVENT4_A","A","D","E9",1,"SF","E9_SF3","N",0
"436"," 2024-03-30 01:49:26","E9_EVENT5","E9_EVENT5_A","A","D","E9",1,"SF","E9-SF4","mange",0
"437"," 2024-03-31 22:15:38","E9_EVENT6","E9_EVENT6_A","A","D","E9",1,"SF","E9-SF4","mange",0
"438"," 2024-03-01 15:25:06","E10_EVENT1","E10_EVENT1_W","W","L","E10",1,"M","E10-M1","N",0
"439"," 2024-03-03 16:24:08","E10_EVENT2","E10_EVENT2_W","W","L","E10",1,"F","E10-F1","N",0
"440"," 2024-03-22 02:38:46","E10_EVENT3","E10_EVENT3_W","W","D","E10",1,"Unk","E10-U1","N",0
"441"," 2024-03-17 03:45:28","E11_EVENT1","E11_EVENT1_A","A","D","E11",1,"SM","E11-SM1","N",0
"442"," 2024-03-17 07:25:20","E11_EVENT2","E11_EVENT2_A","A","L","E11",1,"Unk","E11-U1","N",0
"443"," 2024-03-19 13:29:46","E11_EVENT3","E11_EVENT3_W","W","L","E11",1,"Unk","E11-U2","N",0
"444"," 2024-03-21 02:58:30","E11_EVENT4","E11_EVENT4_A","A","D","E11",1,"M","E11-M1","N",0
"445"," 2024-03-22 06:27:58","E11_EVENT5","E11_EVENT5_W","W","L","E11",1,"Unk","E11-U3","wispy tail",0
"446"," 2024-03-22 17:52:28","E11_EVENT6","E11_EVENT6_A","A","L","E11",1,"F","E11-F1","wispy tail",0
"447"," 2024-03-22 21:31:28","E11_EVENT7","E11_EVENT7_A","A","D","E11",1,"M","E11-M2","N",0
"448"," 2024-03-22 22:24:32","E11_EVENT8","E11_EVENT8_A","A","D","E11",4,"F + F + M + M","E11-F1 + E11-F2 + E11-M2 + E11_M3","wispy tail, N",0
"449"," 2024-03-23 04:05:58","E11_EVENT9","E11_EVENT9_W","W","D","E11",1,"F","E11-F2","N",0
"450"," 2024-03-23 04:19:30","E11_EVENT10","E11_EVENT10_W","W","D","E11",1,"M","E11-M2","N",0
"451"," 2024-03-26 20:56:36","E11_EVENT11","E11_EVENT11_A","A","D","E11",1,"M","E11-M2","N",1
"452"," 2024-03-26 20:56:38","E11_EVENT11","E11_EVENT11_W","W","D","E11",1,"M","E11-M2","N",2
"453"," 2024-03-29 17:52:26","E11_EVENT12","E11_EVENT12_A","A","L","E11",1,"M","E11-M3","N",0
"454"," 2024-03-30 04:10:26","E11_EVENT13","E11_EVENT13_A","A","D","E11",1,"Unk","E11-U3","wispy tail",0
"455"," 2024-04-01 05:10:40","E11_EVENT14","E11_EVENT14_A","A","D","E11",1,"M","E11-M4","N",0
"456"," 2024-03-14 05:51:28","E12_EVENT1","E12_EVENT1_A","A","D","E12",1,"Unk","E12-U1","N",1
"457"," 2024-03-14 05:52:24","E12_EVENT1","E12_EVENT1_W","W","D","E12",1,"Unk","E12-U1","N",2
"458"," 2024-03-29 09:38:34","E12_EVENT2","E12_EVENT2_A","A","L","E12",1,"Unk","E12-U2","N",0
"459"," 2024-03-13 15:10:22","E13_EVENT1","E13_EVENT1_A","A","L","E13",1,"SM","E13-SM1","N",0
"460"," 2024-03-08 21:26:38","E14_EVENT1","E14_EVENT1_A","A","D","E14",1,"M","E14-M1","N",0
"461"," 2024-03-22 22:30:34","E14_EVENT2","E14_EVENT2_W","W","D","E14",1,"M","E14-M1","N",0
