x,y,STATION_NAME,CLIMATE_IDENTIFIER,ID,LOCAL_DATE,PROVINCE_CODE,LOCAL_YEAR,LOCAL_MONTH,LOCAL_DAY,MEAN_TEMPERATURE,MEAN_TEMPERATURE_FLAG,MIN_TEMPERATURE,MIN_TEMPERATURE_FLAG,MAX_TEMPERATURE,MAX_TEMPERATURE_FLAG,TOTAL_PRECIPITATION,TOTAL_PRECIPITATION_FLAG,TOTAL_RAIN,TOTAL_RAIN_FLAG,TOTAL_SNOW,TOTAL_SNOW_FLAG,SNOW_ON_GROUND,SNOW_ON_GROUND_FLAG,DIRECTION_MAX_GUST,DIRECTION_MAX_GUST_FLAG,SPEED_MAX_GUST,SPEED_MAX_GUST_FLAG,COOLING_DEGREE_DAYS,COOLING_DEGREE_DAYS_FLAG,HEATING_DEGREE_DAYS,HEATING_DEGREE_DAYS_FLAG,MIN_REL_HUMIDITY,MIN_REL_HUMIDITY_FLAG,MAX_REL_HUMIDITY,MAX_REL_HUMIDITY_FLAG
-113.51666944444445,53.57305777777778,EDMONTON BLATCHFORD,3012209,3012209.2024.1.1,2024-01-01 00:00:00,AB,2024,1,1,-2.6,,-6.8,,1.5,,0,,,,,,,,,,,,0,,20.6,,56,,87,
-113.51666944444445,53.57305777777778,EDMONTON BLATCHFORD,3012209,3012209.2024.1.2,2024-01-02 00:00:00,AB,2024,1,2,-5.8,,-9.1,,-2.6,,0,,,,,,,,,,,,0,,23.8,,72,,90,
-113.51666944444445,53.57305777777778,EDMONTON BLATCHFORD,3012209,3012209.2024.1.3,2024-01-03 00:00:00,AB,2024,1,3,-8.7,,-11.6,,-5.8,,0,,,,,,,,,,,,0,,26.7,,88,,91,
-113.51666944444445,53.57305777777778,EDMONTON BLATCHFORD,3012209,3012209.2024.1.4,2024-01-04 00:00:00,AB,2024,1,4,-7.8,,-10,,-5.7,,0,,,,,,,,,,,,0,,25.8,,88,,94,
-113.51666944444445,53.57305777777778,EDMONTON BLATCHFORD,3012209,3012209.2024.1.5,2024-01-05 00:00:00,AB,2024,1,5,-6.3,,-11.5,,-1.1,,0,,,,,,,,,,,,0,,24.3,,72,,92,
-113.51666944444445,53.57305777777778,EDMONTON BLATCHFORD,3012209,3012209.2024.1.6,2024-01-06 00:00:00,AB,2024,1,6,-10.2,,-12.7,,-7.7,,0,,,,,,,,,,,,0,,28.2,,81,,93,
-113.51666944444445,53.57305777777778,EDMONTON BLATCHFORD,3012209,3012209.2024.1.7,2024-01-07 00:00:00,AB,2024,1,7,-14.8,,-17,,-12.6,,0,,,,,,,,,,,,0,,32.8,,67,,79,
-113.51666944444445,53.57305777777778,EDMONTON BLATCHFORD,3012209,3012209.2024.1.8,2024-01-08 00:00:00,AB,2024,1,8,-14.1,,-19.2,,-9,,0,,,,,,,,,,,,0,,32.1,,61,,83,
-113.51666944444445,53.57305777777778,EDMONTON BLATCHFORD,3012209,3012209.2024.1.9,2024-01-09 00:00:00,AB,2024,1,9,-16.8,,-20.5,,-13.1,,3.3,,,,,,,,6,,34,,0,,34.8,,79,,82,
-113.51666944444445,53.57305777777778,EDMONTON BLATCHFORD,3012209,3012209.2024.1.10,2024-01-10 00:00:00,AB,2024,1,10,-24,,-27.5,,-20.5,,1.8,,,,,,,,,,,,0,,42,,73,,79,
-113.51666944444445,53.57305777777778,EDMONTON BLATCHFORD,3012209,3012209.2024.1.11,2024-01-11 00:00:00,AB,2024,1,11,-31,,-34.6,,-27.5,,0.2,,,,,,,,35,,36,,0,,49,,67,,74,
-113.51666944444445,53.57305777777778,EDMONTON BLATCHFORD,3012209,3012209.2024.1.12,2024-01-12 00:00:00,AB,2024,1,12,-34.3,,-36.9,,-31.8,,0,,,,,,,,,,,,0,,52.3,,68,,72,
-113.51666944444445,53.57305777777778,EDMONTON BLATCHFORD,3012209,3012209.2024.1.13,2024-01-13 00:00:00,AB,2024,1,13,-31.9,,-36,,-27.9,,0,,,,,,,,,,,,0,,49.9,,66,,72,
-113.51666944444445,53.57305777777778,EDMONTON BLATCHFORD,3012209,3012209.2024.1.14,2024-01-14 00:00:00,AB,2024,1,14,-34.5,,-37.7,,-31.3,,0,,,,,,,,,,,,0,,52.5,,68,,72,
-113.51666944444445,53.57305777777778,EDMONTON BLATCHFORD,3012209,3012209.2024.1.15,2024-01-15 00:00:00,AB,2024,1,15,-27.7,,-34.2,,-21.1,,0.2,,,,,,,,,,,,0,,45.7,,70,,79,
-113.51666944444445,53.57305777777778,EDMONTON BLATCHFORD,3012209,3012209.2024.1.16,2024-01-16 00:00:00,AB,2024,1,16,-17.4,,-21.3,,-13.4,,0.9,,,,,,,,,,,,0,,35.4,,74,,87,
-113.51666944444445,53.57305777777778,EDMONTON BLATCHFORD,3012209,3012209.2024.1.17,2024-01-17 00:00:00,AB,2024,1,17,-21.3,,-23.5,,-19.2,,0,,,,,,,,,,,,0,,39.3,,65,,83,
-113.51666944444445,53.57305777777778,EDMONTON BLATCHFORD,3012209,3012209.2024.1.18,2024-01-18 00:00:00,AB,2024,1,18,-20.6,,-23.2,,-17.9,,0,,,,,,,,,,,,0,,38.6,,63,,80,
-113.51666944444445,53.57305777777778,EDMONTON BLATCHFORD,3012209,3012209.2024.1.19,2024-01-19 00:00:00,AB,2024,1,19,-20.7,,-25.7,,-15.7,,0,,,,,,,,,,,,0,,38.7,,59,,80,
-113.51666944444445,53.57305777777778,EDMONTON BLATCHFORD,3012209,3012209.2024.1.20,2024-01-20 00:00:00,AB,2024,1,20,-14.6,,-16.7,,-12.5,,0.6,,,,,,,,,,,,0,,32.6,,72,,77,
-113.51666944444445,53.57305777777778,EDMONTON BLATCHFORD,3012209,3012209.2024.1.21,2024-01-21 00:00:00,AB,2024,1,21,-12.1,,-13,,-11.3,,4.8,,,,,,,,,,,,0,,30.1,,76,,86,
-113.51666944444445,53.57305777777778,EDMONTON BLATCHFORD,3012209,3012209.2024.1.22,2024-01-22 00:00:00,AB,2024,1,22,-12.3,,-13.7,,-10.8,,0.4,,,,,,,,18,,37,,0,,30.3,,76,,84,
-113.51666944444445,53.57305777777778,EDMONTON BLATCHFORD,3012209,3012209.2024.1.23,2024-01-23 00:00:00,AB,2024,1,23,-7.9,,-12.8,,-3.1,,0.2,,,,,,,,,,,,0,,25.9,,61,,89,
-113.51666944444445,53.57305777777778,EDMONTON BLATCHFORD,3012209,3012209.2024.1.24,2024-01-24 00:00:00,AB,2024,1,24,-4,,-10,,2.1,,0,,,,,,,,,,,,0,,22,,63,,94,
-113.51666944444445,53.57305777777778,EDMONTON BLATCHFORD,3012209,3012209.2024.1.25,2024-01-25 00:00:00,AB,2024,1,25,-4.8,,-9.6,,0,,0,,,,,,,,,,,,0,,22.8,,74,,91,
-113.51666944444445,53.57305777777778,EDMONTON BLATCHFORD,3012209,3012209.2024.1.26,2024-01-26 00:00:00,AB,2024,1,26,-2,,-8.7,,4.7,,0,,,,,,,,,,,,0,,20,,48,,94,
-113.51666944444445,53.57305777777778,EDMONTON BLATCHFORD,3012209,3012209.2024.1.27,2024-01-27 00:00:00,AB,2024,1,27,-1,,-7.9,,6,,0,,,,,,,,,,,,0,,19,,52,,86,
-113.51666944444445,53.57305777777778,EDMONTON BLATCHFORD,3012209,3012209.2024.1.28,2024-01-28 00:00:00,AB,2024,1,28,3.4,,-3.2,,10,,0,,,,,,,,,,,,0,,14.6,,49,,94,
-113.51666944444445,53.57305777777778,EDMONTON BLATCHFORD,3012209,3012209.2024.1.29,2024-01-29 00:00:00,AB,2024,1,29,1.1,,-4.6,,6.8,,0,,,,,,,,,,,,0,,16.9,,60,,95,
-113.51666944444445,53.57305777777778,EDMONTON BLATCHFORD,3012209,3012209.2024.1.30,2024-01-30 00:00:00,AB,2024,1,30,5.8,,-0.9,,12.4,,0,,,,,,,,31,,45,,0,,12.2,,43,,80,
-113.51666944444445,53.57305777777778,EDMONTON BLATCHFORD,3012209,3012209.2024.1.31,2024-01-31 00:00:00,AB,2024,1,31,1.1,,-5.4,,7.7,,0,,,,,,,,15,,37,,0,,16.9,,42,,92,
-113.51666944444445,53.57305777777778,EDMONTON BLATCHFORD,3012209,3012209.2024.2.1,2024-02-01 00:00:00,AB,2024,2,1,4.4,,-2.6,,11.3,,0,,,,,,,,,,,,0,,13.6,,52,,96,
-113.51666944444445,53.57305777777778,EDMONTON BLATCHFORD,3012209,3012209.2024.2.2,2024-02-02 00:00:00,AB,2024,2,2,1.6,,-3.2,,6.4,,0,,,,,,,,,,,,0,,16.4,,73,,98,
-113.51666944444445,53.57305777777778,EDMONTON BLATCHFORD,3012209,3012209.2024.2.3,2024-02-03 00:00:00,AB,2024,2,3,-1.7,,-6.9,,3.6,,0,,,,,,,,35,,44,,0,,19.7,,56,,96,
-113.51666944444445,53.57305777777778,EDMONTON BLATCHFORD,3012209,3012209.2024.2.4,2024-02-04 00:00:00,AB,2024,2,4,-8.2,,-10.3,,-6,,1.5,,,,,,,,,,,,0,,26.2,,45,,87,
-113.51666944444445,53.57305777777778,EDMONTON BLATCHFORD,3012209,3012209.2024.2.5,2024-02-05 00:00:00,AB,2024,2,5,-8.1,,-9.3,,-6.9,,3.2,,,,,,,,,,,,0,,26.1,,78,,94,
-113.51666944444445,53.57305777777778,EDMONTON BLATCHFORD,3012209,3012209.2024.2.6,2024-02-06 00:00:00,AB,2024,2,6,-6.4,,-7.9,,-4.8,,0,,,,,,,,,,,,0,,24.4,,75,,91,
-113.51666944444445,53.57305777777778,EDMONTON BLATCHFORD,3012209,3012209.2024.2.7,2024-02-07 00:00:00,AB,2024,2,7,-4.4,,-5.9,,-2.9,,0,,,,,,,,,,,,0,,22.4,,77,,94,
-113.51666944444445,53.57305777777778,EDMONTON BLATCHFORD,3012209,3012209.2024.2.8,2024-02-08 00:00:00,AB,2024,2,8,-3.8,,-4.7,,-2.9,,1.5,,,,,,,,,,,,0,,21.8,,76,,93,
-113.51666944444445,53.57305777777778,EDMONTON BLATCHFORD,3012209,3012209.2024.2.9,2024-02-09 00:00:00,AB,2024,2,9,-8,,-11.9,,-4,,0,,,,,,,,,,,,0,,26,,60,,91,
-113.51666944444445,53.57305777777778,EDMONTON BLATCHFORD,3012209,3012209.2024.2.10,2024-02-10 00:00:00,AB,2024,2,10,-7.5,,-14.3,,-0.6,,0,,,,,,,,,,,,0,,25.5,,57,,89,
-113.51666944444445,53.57305777777778,EDMONTON BLATCHFORD,3012209,3012209.2024.2.11,2024-02-11 00:00:00,AB,2024,2,11,-0.4,,-5.2,,4.3,,0,,,,,,,,,,,,0,,18.4,,43,,78,
-113.51666944444445,53.57305777777778,EDMONTON BLATCHFORD,3012209,3012209.2024.2.12,2024-02-12 00:00:00,AB,2024,2,12,-3.5,,-8.9,,1.9,,0,,,,,,,,31,,35,,0,,21.5,,40,,87,
-113.51666944444445,53.57305777777778,EDMONTON BLATCHFORD,3012209,3012209.2024.2.13,2024-02-13 00:00:00,AB,2024,2,13,-3.9,,-6.1,,-1.7,,0,,,,,,,,35,,35,,0,,21.9,,51,,73,
-113.51666944444445,53.57305777777778,EDMONTON BLATCHFORD,3012209,3012209.2024.2.14,2024-02-14 00:00:00,AB,2024,2,14,-7.4,,-8.7,,-6.1,,0,,,,,,,,,,,,0,,25.4,,61,,82,
-113.51666944444445,53.57305777777778,EDMONTON BLATCHFORD,3012209,3012209.2024.2.15,2024-02-15 00:00:00,AB,2024,2,15,-9.2,,-12.7,,-5.8,,0,,,,,,,,,,,,0,,27.2,,51,,83,
-113.51666944444445,53.57305777777778,EDMONTON BLATCHFORD,3012209,3012209.2024.2.16,2024-02-16 00:00:00,AB,2024,2,16,-7.3,,-15.3,,0.7,,0,,,,,,,,,,,,0,,25.3,,32,,82,
-113.51666944444445,53.57305777777778,EDMONTON BLATCHFORD,3012209,3012209.2024.2.17,2024-02-17 00:00:00,AB,2024,2,17,-2.1,,-10.2,,6,,0,,,,,,,,,,,,0,,20.1,,28,,71,
-113.51666944444445,53.57305777777778,EDMONTON BLATCHFORD,3012209,3012209.2024.2.18,2024-02-18 00:00:00,AB,2024,2,18,-4,,-12.4,,4.4,,0,,,,,,,,,,,,0,,22,,33,,79,
-113.51666944444445,53.57305777777778,EDMONTON BLATCHFORD,3012209,3012209.2024.2.19,2024-02-19 00:00:00,AB,2024,2,19,-3.6,,-12.8,,5.7,,0,,,,,,,,,,,,0,,21.6,,31,,85,
-113.51666944444445,53.57305777777778,EDMONTON BLATCHFORD,3012209,3012209.2024.2.20,2024-02-20 00:00:00,AB,2024,2,20,-3.9,,-9.3,,1.5,,0,,,,,,,,,,,,0,,21.9,,50,,79,
-113.51666944444445,53.57305777777778,EDMONTON BLATCHFORD,3012209,3012209.2024.2.21,2024-02-21 00:00:00,AB,2024,2,21,-2.3,,-9.5,,4.9,,0,,,,,,,,,,,,0,,20.3,,66,,91,
-113.51666944444445,53.57305777777778,EDMONTON BLATCHFORD,3012209,3012209.2024.2.22,2024-02-22 00:00:00,AB,2024,2,22,3,,-2.6,,8.5,,0,,,,,,,,,,,,0,,15,,33,,71,
-113.51666944444445,53.57305777777778,EDMONTON BLATCHFORD,3012209,3012209.2024.2.23,2024-02-23 00:00:00,AB,2024,2,23,5.3,,-0.6,,11.2,,0,,,,,,,,31,,50,,0,,12.7,,26,,57,
-113.51666944444445,53.57305777777778,EDMONTON BLATCHFORD,3012209,3012209.2024.2.24,2024-02-24 00:00:00,AB,2024,2,24,1.1,,-3.4,,5.6,,0,,,,,,,,35,,43,,0,,16.9,,37,,86,
-113.51666944444445,53.57305777777778,EDMONTON BLATCHFORD,3012209,3012209.2024.2.25,2024-02-25 00:00:00,AB,2024,2,25,-6,,-10.5,,-1.5,,6.8,,,,,,,,8,,51,,0,,24,,68,,95,
-113.51666944444445,53.57305777777778,EDMONTON BLATCHFORD,3012209,3012209.2024.2.26,2024-02-26 00:00:00,AB,2024,2,26,-15.8,,-21.3,,-10.4,,6.8,,,,,,,,5,,50,,0,,33.8,,72,,86,
-113.51666944444445,53.57305777777778,EDMONTON BLATCHFORD,3012209,3012209.2024.2.27,2024-02-27 00:00:00,AB,2024,2,27,-19.7,,-23.5,,-15.8,,0.2,,,,,,,,,,,,0,,37.7,,61,,81,
-113.51666944444445,53.57305777777778,EDMONTON BLATCHFORD,3012209,3012209.2024.2.28,2024-02-28 00:00:00,AB,2024,2,28,-17.4,,-20.9,,-13.8,,0,,,,,,,,16,,33,,0,,35.4,,64,,78,
-113.51666944444445,53.57305777777778,EDMONTON BLATCHFORD,3012209,3012209.2024.2.29,2024-02-29 00:00:00,AB,2024,2,29,-15.4,,-18.6,,-12.3,,0,,,,,,,,32,,34,,0,,33.4,,64,,80,
-113.51666944444445,53.57305777777778,EDMONTON BLATCHFORD,3012209,3012209.2024.3.1,2024-03-01 00:00:00,AB,2024,3,1,-15.1,,-17.9,,-12.3,,0.2,,,,,,,,,,,,0,,33.1,,53,,75,
-113.51666944444445,53.57305777777778,EDMONTON BLATCHFORD,3012209,3012209.2024.3.2,2024-03-02 00:00:00,AB,2024,3,2,-15.5,,-16.8,,-14.2,,4.4,,,,,,,,6,,32,,0,,33.5,,60,,82,
-113.51666944444445,53.57305777777778,EDMONTON BLATCHFORD,3012209,3012209.2024.3.3,2024-03-03 00:00:00,AB,2024,3,3,-18.4,,-21.3,,-15.6,,0,,,,,,,,33,,32,,0,,36.4,,57,,77,
-113.51666944444445,53.57305777777778,EDMONTON BLATCHFORD,3012209,3012209.2024.3.4,2024-03-04 00:00:00,AB,2024,3,4,-21.1,,-24.5,,-17.8,,0.2,,,,,,,,30,,38,,0,,39.1,,53,,79,
-113.51666944444445,53.57305777777778,EDMONTON BLATCHFORD,3012209,3012209.2024.3.5,2024-03-05 00:00:00,AB,2024,3,5,-20.6,,-24.6,,-16.6,,1.1,,,,,,,,,,,,0,,38.6,,55,,81,
-113.51666944444445,53.57305777777778,EDMONTON BLATCHFORD,3012209,3012209.2024.3.6,2024-03-06 00:00:00,AB,2024,3,6,-20.5,,-27.2,,-13.8,,0,,,,,,,,,,,,0,,38.5,,47,,81,
-113.51666944444445,53.57305777777778,EDMONTON BLATCHFORD,3012209,3012209.2024.3.7,2024-03-07 00:00:00,AB,2024,3,7,-11.4,,-21.9,,-0.9,,0,,,,,,,,,,,,0,,29.4,,42,,82,
-113.51666944444445,53.57305777777778,EDMONTON BLATCHFORD,3012209,3012209.2024.3.8,2024-03-08 00:00:00,AB,2024,3,8,-3.6,,-12.5,,5.4,,0,,,,,,,,,,,,0,,21.6,,35,,83,
-113.51666944444445,53.57305777777778,EDMONTON BLATCHFORD,3012209,3012209.2024.3.9,2024-03-09 00:00:00,AB,2024,3,9,1.1,,-6,,8.2,,0,,,,,,,,,,,,0,,16.9,,34,,77,
-113.51666944444445,53.57305777777778,EDMONTON BLATCHFORD,3012209,3012209.2024.3.10,2024-03-10 00:00:00,AB,2024,3,10,4,,-2.3,,10.4,,0,,,,,,,,,,,,0,,14,,30,,84,
-113.51666944444445,53.57305777777778,EDMONTON BLATCHFORD,3012209,3012209.2024.3.11,2024-03-11 00:00:00,AB,2024,3,11,1.5,,-5.4,,8.3,,0,,,,,,,,,,,,0,,16.5,,41,,83,
-113.51666944444445,53.57305777777778,EDMONTON BLATCHFORD,3012209,3012209.2024.3.12,2024-03-12 00:00:00,AB,2024,3,12,1.1,,-2.7,,4.9,,0,,,,,,,,,,,,0,,16.9,,61,,91,
-113.51666944444445,53.57305777777778,EDMONTON BLATCHFORD,3012209,3012209.2024.3.13,2024-03-13 00:00:00,AB,2024,3,13,0.7,,-6.2,,7.6,,0,,,,,,,,,,,,0,,17.3,,51,,97,
-113.51666944444445,53.57305777777778,EDMONTON BLATCHFORD,3012209,3012209.2024.3.14,2024-03-14 00:00:00,AB,2024,3,14,4,,-3.5,,11.4,,0,,,,,,,,,,,,0,,14,,31,,93,
-113.51666944444445,53.57305777777778,EDMONTON BLATCHFORD,3012209,3012209.2024.3.15,2024-03-15 00:00:00,AB,2024,3,15,7.5,,4.5,,10.6,,0,,,,,,,,33,,34,,0,,10.5,,37,,62,
-113.51666944444445,53.57305777777778,EDMONTON BLATCHFORD,3012209,3012209.2024.3.16,2024-03-16 00:00:00,AB,2024,3,16,5.8,,1.8,,9.8,,0,,,,,,,,,,,,0,,12.2,,36,,76,
-113.51666944444445,53.57305777777778,EDMONTON BLATCHFORD,3012209,3012209.2024.3.17,2024-03-17 00:00:00,AB,2024,3,17,7.5,,0.5,,14.5,,0,,,,,,,,17,,35,,0,,10.5,,50,,84,
-113.51666944444445,53.57305777777778,EDMONTON BLATCHFORD,3012209,3012209.2024.3.18,2024-03-18 00:00:00,AB,2024,3,18,9.8,,3.4,,16.2,,0,,,,,,,,32,,34,,0,,8.2,,18,,70,
-113.51666944444445,53.57305777777778,EDMONTON BLATCHFORD,3012209,3012209.2024.3.19,2024-03-19 00:00:00,AB,2024,3,19,-0.3,,-4.1,,3.4,,0,,,,,,,,,,,,0,,18.3,,59,,93,
-113.51666944444445,53.57305777777778,EDMONTON BLATCHFORD,3012209,3012209.2024.3.20,2024-03-20 00:00:00,AB,2024,3,20,-5.5,,-7.3,,-3.8,,1.8,,,,,,,,,,,,0,,23.5,,51,,87,
-113.51666944444445,53.57305777777778,EDMONTON BLATCHFORD,3012209,3012209.2024.3.21,2024-03-21 00:00:00,AB,2024,3,21,-5.6,,-8.6,,-2.6,,2,,,,,,,,35,,31,,0,,23.6,,63,,90,
-113.51666944444445,53.57305777777778,EDMONTON BLATCHFORD,3012209,3012209.2024.3.22,2024-03-22 00:00:00,AB,2024,3,22,-8.4,,-11.1,,-5.8,,0.4,,,,,,,,,,,,0,,26.4,,64,,85,
-113.51666944444445,53.57305777777778,EDMONTON BLATCHFORD,3012209,3012209.2024.3.23,2024-03-23 00:00:00,AB,2024,3,23,-6.3,,-8.5,,-4.2,,0.4,,,,,,,,,,,,0,,24.3,,65,,86,
-113.51666944444445,53.57305777777778,EDMONTON BLATCHFORD,3012209,3012209.2024.3.24,2024-03-24 00:00:00,AB,2024,3,24,-4.3,,-6.7,,-1.9,,0,,,,,,,,15,,37,,0,,22.3,,60,,83,
-113.51666944444445,53.57305777777778,EDMONTON BLATCHFORD,3012209,3012209.2024.3.25,2024-03-25 00:00:00,AB,2024,3,25,-4.7,,-6.9,,-2.5,,0,,,,,,,,16,,41,,0,,22.7,,58,,77,
-113.51666944444445,53.57305777777778,EDMONTON BLATCHFORD,3012209,3012209.2024.3.26,2024-03-26 00:00:00,AB,2024,3,26,-3.3,,-7.3,,0.6,,0,,,,,,,,17,,34,,0,,21.3,,62,,78,
-113.51666944444445,53.57305777777778,EDMONTON BLATCHFORD,3012209,3012209.2024.3.27,2024-03-27 00:00:00,AB,2024,3,27,3.1,,-4.8,,11,,0,,,,,,,,36,,36,,0,,14.9,,29,,86,
-113.51666944444445,53.57305777777778,EDMONTON BLATCHFORD,3012209,3012209.2024.3.28,2024-03-28 00:00:00,AB,2024,3,28,-3.7,,-6.4,,-1,,2.6,,,,,,,,3,,33,,0,,21.7,,56,,92,
-113.51666944444445,53.57305777777778,EDMONTON BLATCHFORD,3012209,3012209.2024.3.29,2024-03-29 00:00:00,AB,2024,3,29,-4.9,,-8.4,,-1.4,,0,,,,,,,,,,,,0,,22.9,,44,,84,
-113.51666944444445,53.57305777777778,EDMONTON BLATCHFORD,3012209,3012209.2024.3.30,2024-03-30 00:00:00,AB,2024,3,30,-3.2,,-10.3,,3.8,,0,,,,,,,,,,,,0,,21.2,,40,,75,
-113.51666944444445,53.57305777777778,EDMONTON BLATCHFORD,3012209,3012209.2024.3.31,2024-03-31 00:00:00,AB,2024,3,31,1.5,,-6.5,,9.4,,0,,,,,,,,20,,40,,0,,16.5,,25,,89,
-113.51666944444445,53.57305777777778,EDMONTON BLATCHFORD,3012209,3012209.2024.4.1,2024-04-01 00:00:00,AB,2024,4,1,7,,1.1,,12.8,,0,,,,,,,,32,,43,,0,,11,,16,,66,
-113.51666944444445,53.57305777777778,EDMONTON BLATCHFORD,3012209,3012209.2024.4.2,2024-04-02 00:00:00,AB,2024,4,2,9.9,,0.2,,19.7,,0,,,,,,,,,,,,0,,8.1,,31,,73,
-113.51666944444445,53.57305777777778,EDMONTON BLATCHFORD,3012209,3012209.2024.4.3,2024-04-03 00:00:00,AB,2024,4,3,6.2,,2.1,,10.2,,0,,,,,,,,33,,54,,0,,11.8,,25,,85,
-113.51666944444445,53.57305777777778,EDMONTON BLATCHFORD,3012209,3012209.2024.4.4,2024-04-04 00:00:00,AB,2024,4,4,1.8,,-0.2,,3.8,,0,,,,,,,,,,,,0,,16.2,,43,,60,
-113.51666944444445,53.57305777777778,EDMONTON BLATCHFORD,3012209,3012209.2024.4.5,2024-04-05 00:00:00,AB,2024,4,5,0.3,,-1.2,,1.7,,3.8,,,,,,,,,,,,0,,17.7,,59,,97,
-113.51666944444445,53.57305777777778,EDMONTON BLATCHFORD,3012209,3012209.2024.4.6,2024-04-06 00:00:00,AB,2024,4,6,1.8,,-0.5,,4,,0.2,,,,,,,,,,,,0,,16.2,,71,,94,
-113.51666944444445,53.57305777777778,EDMONTON BLATCHFORD,3012209,3012209.2024.4.7,2024-04-07 00:00:00,AB,2024,4,7,6.1,,-1.9,,14,,0,,,,,,,,,,,,0,,11.9,,27,,96,
-113.51666944444445,53.57305777777778,EDMONTON BLATCHFORD,3012209,3012209.2024.4.8,2024-04-08 00:00:00,AB,2024,4,8,8.3,,2,,14.6,,0,,,,,,,,,,,,0,,9.7,,23,,70,
-113.51666944444445,53.57305777777778,EDMONTON BLATCHFORD,3012209,3012209.2024.4.9,2024-04-09 00:00:00,AB,2024,4,9,6.7,,1.5,,11.8,,0,,,,,,,,32,,40,,0,,11.3,,19,,60,
-113.51666944444445,53.57305777777778,EDMONTON BLATCHFORD,3012209,3012209.2024.4.10,2024-04-10 00:00:00,AB,2024,4,10,6.6,,1.6,,11.5,,0,,,,,,,,34,,38,,0,,11.4,,22,,59,
-113.51666944444445,53.57305777777778,EDMONTON BLATCHFORD,3012209,3012209.2024.4.11,2024-04-11 00:00:00,AB,2024,4,11,5.9,,-1.6,,13.5,,0,,,,,,,,15,,40,,0,,12.1,,24,,60,
-113.51666944444445,53.57305777777778,EDMONTON BLATCHFORD,3012209,3012209.2024.4.12,2024-04-12 00:00:00,AB,2024,4,12,8.7,,2.1,,15.4,,0,,,,,,,,15,,38,,0,,9.3,,28,,68,
-113.51666944444445,53.57305777777778,EDMONTON BLATCHFORD,3012209,3012209.2024.4.13,2024-04-13 00:00:00,AB,2024,4,13,8.7,,3.6,,13.7,,0,,,,,,,,28,,40,,0,,9.3,,19,,70,
-113.51666944444445,53.57305777777778,EDMONTON BLATCHFORD,3012209,3012209.2024.4.14,2024-04-14 00:00:00,AB,2024,4,14,8.5,,0.1,,16.9,,0,,,,,,,,,,,,0,,9.5,,17,,57,
-113.51666944444445,53.57305777777778,EDMONTON BLATCHFORD,3012209,3012209.2024.4.15,2024-04-15 00:00:00,AB,2024,4,15,7.3,,2.1,,12.5,,0,,,,,,,,34,,58,,0,,10.7,,27,,71,
-113.51666944444445,53.57305777777778,EDMONTON BLATCHFORD,3012209,3012209.2024.4.16,2024-04-16 00:00:00,AB,2024,4,16,1.8,,-1.8,,5.4,,1.2,,,,,,,,32,,48,,0,,16.2,,52,,96,
-113.51666944444445,53.57305777777778,EDMONTON BLATCHFORD,3012209,3012209.2024.4.17,2024-04-17 00:00:00,AB,2024,4,17,0.8,,-3.4,,4.9,,1.4,,,,,,,,3,,52,,0,,17.2,,28,,93,
-113.51666944444445,53.57305777777778,EDMONTON BLATCHFORD,3012209,3012209.2024.4.18,2024-04-18 00:00:00,AB,2024,4,18,-1.3,,-6.8,,4.2,,0,,,,,,,,35,,42,,0,,19.3,,20,,65,
-113.51666944444445,53.57305777777778,EDMONTON BLATCHFORD,3012209,3012209.2024.4.19,2024-04-19 00:00:00,AB,2024,4,19,0.8,,-5.9,,7.5,,0,,,,,,,,,,,,0,,17.2,,16,,49,
-113.51666944444445,53.57305777777778,EDMONTON BLATCHFORD,3012209,3012209.2024.4.20,2024-04-20 00:00:00,AB,2024,4,20,4.8,,-3.7,,13.3,,0,,,,,,,,15,,37,,0,,13.2,,13,,56,
-113.51666944444445,53.57305777777778,EDMONTON BLATCHFORD,3012209,3012209.2024.4.21,2024-04-21 00:00:00,AB,2024,4,21,6.8,,0.5,,13.2,,0,,,,,,,,28,,62,,0,,11.2,,26,,56,
-113.51666944444445,53.57305777777778,EDMONTON BLATCHFORD,3012209,3012209.2024.4.22,2024-04-22 00:00:00,AB,2024,4,22,12.4,,6.3,,18.5,,0,,,,,,,,32,,69,,0,,5.6,,15,,48,
-113.51666944444445,53.57305777777778,EDMONTON BLATCHFORD,3012209,3012209.2024.4.23,2024-04-23 00:00:00,AB,2024,4,23,12.7,,5.7,,19.6,,0,,,,,,,,,,,,0,,5.3,,14,,46,
-113.51666944444445,53.57305777777778,EDMONTON BLATCHFORD,3012209,3012209.2024.4.24,2024-04-24 00:00:00,AB,2024,4,24,11.7,,4.7,,18.6,,0,,,,,,,,31,,40,,0,,6.3,,15,,56,
-113.51666944444445,53.57305777777778,EDMONTON BLATCHFORD,3012209,3012209.2024.4.25,2024-04-25 00:00:00,AB,2024,4,25,7.7,,2.1,,13.2,,0,,,,,,,,31,,40,,0,,10.3,,29,,79,
-113.51666944444445,53.57305777777778,EDMONTON BLATCHFORD,3012209,3012209.2024.4.26,2024-04-26 00:00:00,AB,2024,4,26,4.2,,0.9,,7.4,,0,,,,,,,,,,,,0,,13.8,,40,,72,
-113.51666944444445,53.57305777777778,EDMONTON BLATCHFORD,3012209,3012209.2024.4.27,2024-04-27 00:00:00,AB,2024,4,27,9.4,,3,,15.8,,0.5,,,,,,,,12,,45,,0,,8.6,,34,,66,
-113.51666944444445,53.57305777777778,EDMONTON BLATCHFORD,3012209,3012209.2024.4.28,2024-04-28 00:00:00,AB,2024,4,28,10.7,,5.7,,15.8,,0.5,,,,,,,,28,,45,,0,,7.3,,37,,89,
-113.51666944444445,53.57305777777778,EDMONTON BLATCHFORD,3012209,3012209.2024.4.29,2024-04-29 00:00:00,AB,2024,4,29,8.1,,5.2,,11.1,,0,,,,,,,,1,,31,,0,,9.9,,49,,94,
-113.51666944444445,53.57305777777778,EDMONTON BLATCHFORD,3012209,3012209.2024.4.30,2024-04-30 00:00:00,AB,2024,4,30,3.1,,0.1,,6.1,,12.7,,,,,,,,33,,47,,0,,14.9,,65,,98,
-113.51666944444445,53.57305777777778,EDMONTON BLATCHFORD,3012209,3012209.2024.5.1,2024-05-01 00:00:00,AB,2024,5,1,6.2,,0.6,,11.9,,7.8,,,,,,,,8,,36,,0,,11.8,,44,,98,
-113.51666944444445,53.57305777777778,EDMONTON BLATCHFORD,3012209,3012209.2024.5.2,2024-05-02 00:00:00,AB,2024,5,2,8.6,,3.8,,13.5,,0,,,,,,,,3,,44,,0,,9.4,,24,,83,
-113.51666944444445,53.57305777777778,EDMONTON BLATCHFORD,3012209,3012209.2024.5.3,2024-05-03 00:00:00,AB,2024,5,3,6.3,,0.3,,12.4,,0,,,,,,,,,,,,0,,11.7,,30,,85,
-113.51666944444445,53.57305777777778,EDMONTON BLATCHFORD,3012209,3012209.2024.5.4,2024-05-04 00:00:00,AB,2024,5,4,7.1,,0.2,,14.1,,0,,,,,,,,13,,33,,0,,10.9,,31,,85,
-113.51666944444445,53.57305777777778,EDMONTON BLATCHFORD,3012209,3012209.2024.5.5,2024-05-05 00:00:00,AB,2024,5,5,11.7,,5.8,,17.5,,0,,,,,,,,18,,44,,0,,6.3,,24,,64,
-113.51666944444445,53.57305777777778,EDMONTON BLATCHFORD,3012209,3012209.2024.5.6,2024-05-06 00:00:00,AB,2024,5,6,10,,8.3,,11.7,,3.7,,,,,,,,,,,,0,,8,,64,,98,
-113.51666944444445,53.57305777777778,EDMONTON BLATCHFORD,3012209,3012209.2024.5.7,2024-05-07 00:00:00,AB,2024,5,7,7.6,,6.8,,8.5,,19.1,,,,,,,,33,,57,,0,,10.4,,67,,98,
-113.51666944444445,53.57305777777778,EDMONTON BLATCHFORD,3012209,3012209.2024.5.8,2024-05-08 00:00:00,AB,2024,5,8,11.7,,6.3,,17.2,,0,,,,,,,,28,,31,,0,,6.3,,20,,87,
-113.51666944444445,53.57305777777778,EDMONTON BLATCHFORD,3012209,3012209.2024.5.9,2024-05-09 00:00:00,AB,2024,5,9,14.6,,6.1,,23.1,,0,,,,,,,,32,,42,,0,,3.4,,21,,56,
-113.51666944444445,53.57305777777778,EDMONTON BLATCHFORD,3012209,3012209.2024.5.10,2024-05-10 00:00:00,AB,2024,5,10,16.2,,6.7,,25.7,,0,,,,,,,,28,,36,,0,,1.8,,16,,73,
-113.51666944444445,53.57305777777778,EDMONTON BLATCHFORD,3012209,3012209.2024.5.11,2024-05-11 00:00:00,AB,2024,5,11,14.5,,10.1,,18.9,,0,,,,,,,,,,,,0,,3.5,,19,,51,
-113.51666944444445,53.57305777777778,EDMONTON BLATCHFORD,3012209,3012209.2024.5.12,2024-05-12 00:00:00,AB,2024,5,12,13.1,,7.5,,18.7,,0,,,,,,,,12,,34,,0,,4.9,,36,,67,
-113.51666944444445,53.57305777777778,EDMONTON BLATCHFORD,3012209,3012209.2024.5.13,2024-05-13 00:00:00,AB,2024,5,13,14.3,,9,,19.6,,0,,,,,,,,,,,,0,,3.7,,30,,88,
-113.51666944444445,53.57305777777778,EDMONTON BLATCHFORD,3012209,3012209.2024.5.14,2024-05-14 00:00:00,AB,2024,5,14,15.5,,9.8,,21.3,,0,,,,,,,,28,,35,,0,,2.5,,24,,50,
-113.51666944444445,53.57305777777778,EDMONTON BLATCHFORD,3012209,3012209.2024.5.15,2024-05-15 00:00:00,AB,2024,5,15,12.8,,9.4,,16.2,,0.4,,,,,,,,32,,48,,0,,5.2,,38,,83,
-113.51666944444445,53.57305777777778,EDMONTON BLATCHFORD,3012209,3012209.2024.5.16,2024-05-16 00:00:00,AB,2024,5,16,10.5,,7.2,,13.8,,10,,,,,,,,29,,32,,0,,7.5,,62,,96,
-113.51666944444445,53.57305777777778,EDMONTON BLATCHFORD,3012209,3012209.2024.5.17,2024-05-17 00:00:00,AB,2024,5,17,7,,4.8,,9.1,,0,,,,,,,,32,,45,,0,,11,,48,,89,
-113.51666944444445,53.57305777777778,EDMONTON BLATCHFORD,3012209,3012209.2024.5.18,2024-05-18 00:00:00,AB,2024,5,18,8.1,,2.2,,13.9,,0,,,,,,,,34,,40,,0,,9.9,,29,,85,
-113.51666944444445,53.57305777777778,EDMONTON BLATCHFORD,3012209,3012209.2024.5.19,2024-05-19 00:00:00,AB,2024,5,19,7.1,,5.1,,9,,2.5,,,,,,,,31,,35,,0,,10.9,,67,,89,
-113.51666944444445,53.57305777777778,EDMONTON BLATCHFORD,3012209,3012209.2024.5.20,2024-05-20 00:00:00,AB,2024,5,20,7.7,,5.1,,10.3,,2.8,,,,,,,,,,,,0,,10.3,,58,,96,
-113.51666944444445,53.57305777777778,EDMONTON BLATCHFORD,3012209,3012209.2024.5.21,2024-05-21 00:00:00,AB,2024,5,21,9.9,,5.6,,14.1,,0,,,,,,,,,,,,0,,8.1,,49,,86,
-113.51666944444445,53.57305777777778,EDMONTON BLATCHFORD,3012209,3012209.2024.5.22,2024-05-22 00:00:00,AB,2024,5,22,10.1,,6.1,,14.2,,10,,,,,,,,,,,,0,,7.9,,47,,86,
-113.51666944444445,53.57305777777778,EDMONTON BLATCHFORD,3012209,3012209.2024.5.23,2024-05-23 00:00:00,AB,2024,5,23,8.2,,5.5,,10.8,,1.1,,,,,,,,,,,,0,,9.8,,51,,92,
-113.51666944444445,53.57305777777778,EDMONTON BLATCHFORD,3012209,3012209.2024.5.24,2024-05-24 00:00:00,AB,2024,5,24,9.8,,5.2,,14.5,,0,,,,,,,,,,,,0,,8.2,,40,,88,
-113.51666944444445,53.57305777777778,EDMONTON BLATCHFORD,3012209,3012209.2024.5.25,2024-05-25 00:00:00,AB,2024,5,25,12.2,,7,,17.5,,0,,,,,,,,,,,,0,,5.8,,35,,86,
-113.51666944444445,53.57305777777778,EDMONTON BLATCHFORD,3012209,3012209.2024.5.26,2024-05-26 00:00:00,AB,2024,5,26,13.3,,10.4,,16.3,,1.1,,,,,,,,29,,33,,0,,4.7,,59,,90,
-113.51666944444445,53.57305777777778,EDMONTON BLATCHFORD,3012209,3012209.2024.5.27,2024-05-27 00:00:00,AB,2024,5,27,14.4,,6.9,,21.9,,0,,,,,,,,,,,,0,,3.6,,25,,96,
-113.51666944444445,53.57305777777778,EDMONTON BLATCHFORD,3012209,3012209.2024.5.28,2024-05-28 00:00:00,AB,2024,5,28,16,,9.1,,22.8,,0,,,,,,,,14,,31,,0,,2,,26,,71,
-113.51666944444445,53.57305777777778,EDMONTON BLATCHFORD,3012209,3012209.2024.5.29,2024-05-29 00:00:00,AB,2024,5,29,13.9,,8.5,,19.2,,0,,,,,,,,28,,55,,0,,4.1,,38,,77,
-113.51666944444445,53.57305777777778,EDMONTON BLATCHFORD,3012209,3012209.2024.5.30,2024-05-30 00:00:00,AB,2024,5,30,12.7,,6.9,,18.5,,0,,,,,,,,32,,59,,0,,5.3,,26,,85,
-113.51666944444445,53.57305777777778,EDMONTON BLATCHFORD,3012209,3012209.2024.5.31,2024-05-31 00:00:00,AB,2024,5,31,12.4,,8.6,,16.2,,0,,,,,,,,32,,59,,0,,5.6,,30,,64,
-113.51666944444445,53.57305777777778,EDMONTON BLATCHFORD,3012209,3012209.2024.6.1,2024-06-01 00:00:00,AB,2024,6,1,14.4,,7.9,,20.8,,0,,,,,,,,34,,33,,0,,3.6,,19,,49,
-113.51666944444445,53.57305777777778,EDMONTON BLATCHFORD,3012209,3012209.2024.6.2,2024-06-02 00:00:00,AB,2024,6,2,15.2,,9.8,,20.6,,0,,,,,,,,13,,35,,0,,2.8,,25,,58,
-113.51666944444445,53.57305777777778,EDMONTON BLATCHFORD,3012209,3012209.2024.6.3,2024-06-03 00:00:00,AB,2024,6,3,13.1,,10.3,,15.9,,30.7,,,,,,,,13,,38,,0,,4.9,,42,,98,
-113.51666944444445,53.57305777777778,EDMONTON BLATCHFORD,3012209,3012209.2024.6.4,2024-06-04 00:00:00,AB,2024,6,4,14.5,,9.7,,19.3,,1.6,,,,,,,,35,,48,,0,,3.5,,38,,98,
-113.51666944444445,53.57305777777778,EDMONTON BLATCHFORD,3012209,3012209.2024.6.5,2024-06-05 00:00:00,AB,2024,6,5,14.6,,9.6,,19.7,,0,,,,,,,,31,,59,,0,,3.4,,21,,73,
-113.51666944444445,53.57305777777778,EDMONTON BLATCHFORD,3012209,3012209.2024.6.6,2024-06-06 00:00:00,AB,2024,6,6,14.5,,9.6,,19.5,,0,,,,,,,,31,,48,,0,,3.5,,20,,48,
-113.51666944444445,53.57305777777778,EDMONTON BLATCHFORD,3012209,3012209.2024.6.7,2024-06-07 00:00:00,AB,2024,6,7,14.8,,9.7,,19.8,,0.4,,,,,,,,30,,60,,0,,3.2,,19,,59,
-113.51666944444445,53.57305777777778,EDMONTON BLATCHFORD,3012209,3012209.2024.6.8,2024-06-08 00:00:00,AB,2024,6,8,7.7,,3.2,,12.1,,2,,,,,,,,34,,34,,0,,10.3,,57,,92,
-113.51666944444445,53.57305777777778,EDMONTON BLATCHFORD,3012209,3012209.2024.6.9,2024-06-09 00:00:00,AB,2024,6,9,9.8,,4.9,,14.8,,0,,,,,,,,,,,,0,,8.2,,50,,94,
-113.51666944444445,53.57305777777778,EDMONTON BLATCHFORD,3012209,3012209.2024.6.10,2024-06-10 00:00:00,AB,2024,6,10,15.6,,9,,22.2,,0,,,,,,,,30,,45,,0,,2.4,,36,,82,
-113.51666944444445,53.57305777777778,EDMONTON BLATCHFORD,3012209,3012209.2024.6.11,2024-06-11 00:00:00,AB,2024,6,11,17.7,,10.5,,25,,11.6,,,,,,,,31,,64,,0,,0.3,,28,,89,
-113.51666944444445,53.57305777777778,EDMONTON BLATCHFORD,3012209,3012209.2024.6.12,2024-06-12 00:00:00,AB,2024,6,12,12.4,,9.6,,15.1,,6.6,,,,,,,,31,,47,,0,,5.6,,64,,93,
-113.51666944444445,53.57305777777778,EDMONTON BLATCHFORD,3012209,3012209.2024.6.13,2024-06-13 00:00:00,AB,2024,6,13,15.9,,10.3,,21.6,,0.7,,,,,,,,32,,33,,0,,2.1,,26,,94,
-113.51666944444445,53.57305777777778,EDMONTON BLATCHFORD,3012209,3012209.2024.6.14,2024-06-14 00:00:00,AB,2024,6,14,17.2,,11.7,,22.8,,0.7,,,,,,,,31,,38,,0,,0.8,,37,,77,
-113.51666944444445,53.57305777777778,EDMONTON BLATCHFORD,3012209,3012209.2024.6.15,2024-06-15 00:00:00,AB,2024,6,15,13.1,,7.2,,19,,0,,,,,,,,35,,33,,0,,4.9,,31,,86,
-113.51666944444445,53.57305777777778,EDMONTON BLATCHFORD,3012209,3012209.2024.6.16,2024-06-16 00:00:00,AB,2024,6,16,12.1,,7.8,,16.5,,0.3,,,,,,,,36,,47,,0,,5.9,,31,,91,
-113.51666944444445,53.57305777777778,EDMONTON BLATCHFORD,3012209,3012209.2024.6.17,2024-06-17 00:00:00,AB,2024,6,17,10,,6.1,,13.8,,3.1,,,,,,,,1,,50,,0,,8,,40,,85,
-113.51666944444445,53.57305777777778,EDMONTON BLATCHFORD,3012209,3012209.2024.6.18,2024-06-18 00:00:00,AB,2024,6,18,9.1,,4.6,,13.6,,0,,,,,,,,,,,,0,,8.9,,42,,75,
-113.51666944444445,53.57305777777778,EDMONTON BLATCHFORD,3012209,3012209.2024.6.19,2024-06-19 00:00:00,AB,2024,6,19,11.7,,4.3,,19.2,,0,,,,,,,,,,,,0,,6.3,,26,,93,
-113.51666944444445,53.57305777777778,EDMONTON BLATCHFORD,3012209,3012209.2024.6.20,2024-06-20 00:00:00,AB,2024,6,20,14.4,,6.9,,21.9,,0,,,,,,,,,,,,0,,3.6,,26,,74,
-113.51666944444445,53.57305777777778,EDMONTON BLATCHFORD,3012209,3012209.2024.6.21,2024-06-21 00:00:00,AB,2024,6,21,17.1,,9.9,,24.3,,0,,,,,,,,16,,35,,0,,0.9,,25,,74,
-113.51666944444445,53.57305777777778,EDMONTON BLATCHFORD,3012209,3012209.2024.6.22,2024-06-22 00:00:00,AB,2024,6,22,17.8,,10,,25.5,,0,,,,,,,,,,,,0,,0.2,,22,,82,
-113.51666944444445,53.57305777777778,EDMONTON BLATCHFORD,3012209,3012209.2024.6.23,2024-06-23 00:00:00,AB,2024,6,23,21.2,,15.2,,27.3,,1.4,,,,,,,,35,,48,,3.2,,0,,25,,81,
-113.51666944444445,53.57305777777778,EDMONTON BLATCHFORD,3012209,3012209.2024.6.24,2024-06-24 00:00:00,AB,2024,6,24,17.6,,12.7,,22.5,,0,,,,,,,,32,,51,,0,,0.4,,29,,80,
-113.51666944444445,53.57305777777778,EDMONTON BLATCHFORD,3012209,3012209.2024.6.25,2024-06-25 00:00:00,AB,2024,6,25,15.7,,10.5,,20.9,,1.2,,,,,,,,32,,34,,0,,2.3,,50,,95,
-113.51666944444445,53.57305777777778,EDMONTON BLATCHFORD,3012209,3012209.2024.6.26,2024-06-26 00:00:00,AB,2024,6,26,18.4,,13.1,,23.8,,0,,,,,,,,13,,41,,0.4,,0,,43,,86,
-113.51666944444445,53.57305777777778,EDMONTON BLATCHFORD,3012209,3012209.2024.6.27,2024-06-27 00:00:00,AB,2024,6,27,16.1,,14.1,,18.1,,5.1,,,,,,,,9,,37,,0,,1.9,,66,,93,
-113.51666944444445,53.57305777777778,EDMONTON BLATCHFORD,3012209,3012209.2024.6.28,2024-06-28 00:00:00,AB,2024,6,28,15.2,,9.2,,21.1,,0.3,,,,,,,,,,,,0,,2.8,,29,,87,
-113.51666944444445,53.57305777777778,EDMONTON BLATCHFORD,3012209,3012209.2024.6.29,2024-06-29 00:00:00,AB,2024,6,29,17.8,,10.5,,25,,0,,,,,,,,,,,,0,,0.2,,31,,70,
-113.51666944444445,53.57305777777778,EDMONTON BLATCHFORD,3012209,3012209.2024.6.30,2024-06-30 00:00:00,AB,2024,6,30,19,,15.2,,22.8,,1.3,,,,,,,,15,,44,,1,,0,,42,,92,
-113.51666944444445,53.57305777777778,EDMONTON BLATCHFORD,3012209,3012209.2024.7.1,2024-07-01 00:00:00,AB,2024,7,1,19.2,,13.9,,24.4,,0,,,,,,,,30,,35,,1.2,,0,,39,,95,
-113.51666944444445,53.57305777777778,EDMONTON BLATCHFORD,3012209,3012209.2024.7.2,2024-07-02 00:00:00,AB,2024,7,2,17.9,,13.4,,22.4,,2.8,,,,,,,,31,,39,,0,,0.1,,37,,92,
-113.51666944444445,53.57305777777778,EDMONTON BLATCHFORD,3012209,3012209.2024.7.3,2024-07-03 00:00:00,AB,2024,7,3,16,,12.9,,19.2,,11.2,,,,,,,,31,,33,,0,,2,,66,,94,
-113.51666944444445,53.57305777777778,EDMONTON BLATCHFORD,3012209,3012209.2024.7.4,2024-07-04 00:00:00,AB,2024,7,4,18.1,,12.5,,23.8,,0,,,,,,,,28,,31,,0.1,,0,,34,,91,
-113.51666944444445,53.57305777777778,EDMONTON BLATCHFORD,3012209,3012209.2024.7.5,2024-07-05 00:00:00,AB,2024,7,5,19.9,,13.5,,26.3,,0,,,,,,,,30,,38,,1.9,,0,,26,,70,
-113.51666944444445,53.57305777777778,EDMONTON BLATCHFORD,3012209,3012209.2024.7.6,2024-07-06 00:00:00,AB,2024,7,6,21,,16.1,,26,,0,,,,,,,,32,,39,,3,,0,,34,,54,
-113.51666944444445,53.57305777777778,EDMONTON BLATCHFORD,3012209,3012209.2024.7.7,2024-07-07 00:00:00,AB,2024,7,7,21.3,,13.3,,29.3,,0,,,,,,,,,,,,3.3,,0,,33,,82,
-113.51666944444445,53.57305777777778,EDMONTON BLATCHFORD,3012209,3012209.2024.7.8,2024-07-08 00:00:00,AB,2024,7,8,24.9,,17.2,,32.6,,0,,,,,,,,29,,35,,6.9,,0,,21,,77,
-113.51666944444445,53.57305777777778,EDMONTON BLATCHFORD,3012209,3012209.2024.7.9,2024-07-09 00:00:00,AB,2024,7,9,26.2,,18.4,,34.1,,0,,,,,,,,17,,36,,8.2,,0,,22,,67,
-113.51666944444445,53.57305777777778,EDMONTON BLATCHFORD,3012209,3012209.2024.7.10,2024-07-10 00:00:00,AB,2024,7,10,28.5,,20.9,,36.2,,0,,,,,,,,,,,,10.5,,0,,28,,66,
-113.51666944444445,53.57305777777778,EDMONTON BLATCHFORD,3012209,3012209.2024.7.11,2024-07-11 00:00:00,AB,2024,7,11,25.1,,20.4,,29.8,,0.6,,,,,,,,33,,43,,7.1,,0,,31,,77,
-113.51666944444445,53.57305777777778,EDMONTON BLATCHFORD,3012209,3012209.2024.7.12,2024-07-12 00:00:00,AB,2024,7,12,19.6,,14.7,,24.6,,0,,,,,,,,30,,40,,1.6,,0,,27,,51,
-113.51666944444445,53.57305777777778,EDMONTON BLATCHFORD,3012209,3012209.2024.7.13,2024-07-13 00:00:00,AB,2024,7,13,19.4,,13.9,,24.9,,0,,,,,,,,3,,39,,1.4,,0,,38,,76,
-113.51666944444445,53.57305777777778,EDMONTON BLATCHFORD,3012209,3012209.2024.7.14,2024-07-14 00:00:00,AB,2024,7,14,19.3,,14.5,,24,,1.5,,,,,,,,33,,37,,1.3,,0,,39,,86,
-113.51666944444445,53.57305777777778,EDMONTON BLATCHFORD,3012209,3012209.2024.7.15,2024-07-15 00:00:00,AB,2024,7,15,21.7,,14.7,,28.8,,0,,,,,,,,,,,,3.7,,0,,35,,75,
-113.51666944444445,53.57305777777778,EDMONTON BLATCHFORD,3012209,3012209.2024.7.16,2024-07-16 00:00:00,AB,2024,7,16,26.2,,20.8,,31.7,,0,,,,,,,,,,,,8.2,,0,,31,,68,
-113.51666944444445,53.57305777777778,EDMONTON BLATCHFORD,3012209,3012209.2024.7.17,2024-07-17 00:00:00,AB,2024,7,17,26.5,,19.1,,34,,0.8,,,,,,,,6,,31,,8.5,,0,,27,,76,
-113.51666944444445,53.57305777777778,EDMONTON BLATCHFORD,3012209,3012209.2024.7.18,2024-07-18 00:00:00,AB,2024,7,18,27.1,,19,,35.3,,0,,,,,,,,,,,,9.1,,0,,16,,80,
-113.51666944444445,53.57305777777778,EDMONTON BLATCHFORD,3012209,3012209.2024.7.19,2024-07-19 00:00:00,AB,2024,7,19,26.5,,19.5,,33.4,,0,,,,,,,,14,,36,,8.5,,0,,29,,67,
-113.51666944444445,53.57305777777778,EDMONTON BLATCHFORD,3012209,3012209.2024.7.20,2024-07-20 00:00:00,AB,2024,7,20,25.1,,18.9,,31.3,,0,,,,,,,,,,,,7.1,,0,,43,,77,
-113.51666944444445,53.57305777777778,EDMONTON BLATCHFORD,3012209,3012209.2024.7.21,2024-07-21 00:00:00,AB,2024,7,21,27.1,,20.4,,33.8,,0,,,,,,,,7,,35,,9.1,,0,,34,,91,
-113.51666944444445,53.57305777777778,EDMONTON BLATCHFORD,3012209,3012209.2024.7.22,2024-07-22 00:00:00,AB,2024,7,22,27.5,,21.6,,33.5,,0,,,,,,,,13,,42,,9.5,,0,,32,,74,
-113.51666944444445,53.57305777777778,EDMONTON BLATCHFORD,3012209,3012209.2024.7.23,2024-07-23 00:00:00,AB,2024,7,23,25,,21,,29.1,,0,,,,,,,,13,,48,,7,,0,,47,,84,
-113.51666944444445,53.57305777777778,EDMONTON BLATCHFORD,3012209,3012209.2024.7.24,2024-07-24 00:00:00,AB,2024,7,24,21,,18.3,,23.7,,0,,,,,,,,,,,,3,,0,,50,,86,
-113.51666944444445,53.57305777777778,EDMONTON BLATCHFORD,3012209,3012209.2024.7.25,2024-07-25 00:00:00,AB,2024,7,25,14.5,,10.5,,18.6,,6.3,,,,,,,,27,,50,,0,,3.5,,77,,98,
-113.51666944444445,53.57305777777778,EDMONTON BLATCHFORD,3012209,3012209.2024.7.26,2024-07-26 00:00:00,AB,2024,7,26,14.2,,10.6,,17.9,,4.9,,,,,,,,28,,56,,0,,3.8,,58,,91,
-113.51666944444445,53.57305777777778,EDMONTON BLATCHFORD,3012209,3012209.2024.7.27,2024-07-27 00:00:00,AB,2024,7,27,17.9,,12.3,,23.4,,3.9,,,,,,,,29,,37,,0,,0.1,,42,,93,
-113.51666944444445,53.57305777777778,EDMONTON BLATCHFORD,3012209,3012209.2024.7.28,2024-07-28 00:00:00,AB,2024,7,28,20.4,,13.1,,27.7,,0,,,,,,,,25,,33,,2.4,,0,,29,,86,
-113.51666944444445,53.57305777777778,EDMONTON BLATCHFORD,3012209,3012209.2024.7.29,2024-07-29 00:00:00,AB,2024,7,29,21.8,,15.4,,28.1,,0,,,,,,,,33,,35,,3.8,,0,,34,,76,
-113.51666944444445,53.57305777777778,EDMONTON BLATCHFORD,3012209,3012209.2024.7.30,2024-07-30 00:00:00,AB,2024,7,30,20.6,,15.1,,26.2,,0,,,,,,,,,,,,2.6,,0,,37,,87,
-113.51666944444445,53.57305777777778,EDMONTON BLATCHFORD,3012209,3012209.2024.7.31,2024-07-31 00:00:00,AB,2024,7,31,23,,16,,30,,0,,,,,,,,33,,68,,5,,0,,29,,76,
-113.51666944444445,53.57305777777778,EDMONTON BLATCHFORD,3012209,3012209.2024.8.1,2024-08-01 00:00:00,AB,2024,8,1,21.5,,14.3,,28.7,,0,,,,,,,,,,,,3.5,,0,,33,,82,
-113.51666944444445,53.57305777777778,EDMONTON BLATCHFORD,3012209,3012209.2024.8.2,2024-08-02 00:00:00,AB,2024,8,2,21.6,,17.7,,25.6,,0,,,,,,,,,,,,3.6,,0,,27,,70,
-113.51666944444445,53.57305777777778,EDMONTON BLATCHFORD,3012209,3012209.2024.8.3,2024-08-03 00:00:00,AB,2024,8,3,22.2,,15.9,,28.5,,0.2,,,,,,,,1,,34,,4.2,,0,,31,,66,
-113.51666944444445,53.57305777777778,EDMONTON BLATCHFORD,3012209,3012209.2024.8.4,2024-08-04 00:00:00,AB,2024,8,4,18.5,,12.9,,24.1,,15.6,,,,,,,,7,,39,,0.5,,0,,50,,95,
-113.51666944444445,53.57305777777778,EDMONTON BLATCHFORD,3012209,3012209.2024.8.5,2024-08-05 00:00:00,AB,2024,8,5,16.4,,14.4,,18.4,,11.2,,,,,,,,,,,,0,,1.6,,76,,99,
-113.51666944444445,53.57305777777778,EDMONTON BLATCHFORD,3012209,3012209.2024.8.6,2024-08-06 00:00:00,AB,2024,8,6,16.1,,12.2,,20.1,,0,,,,,,,,,,,,0,,1.9,,53,,94,
-113.51666944444445,53.57305777777778,EDMONTON BLATCHFORD,3012209,3012209.2024.8.7,2024-08-07 00:00:00,AB,2024,8,7,17.6,,12.9,,22.4,,0,,,,,,,,,,,,0,,0.4,,39,,83,
-113.51666944444445,53.57305777777778,EDMONTON BLATCHFORD,3012209,3012209.2024.8.8,2024-08-08 00:00:00,AB,2024,8,8,17,,11.2,,22.7,,0,,,,,,,,,,,,0,,1,,36,,92,
-113.51666944444445,53.57305777777778,EDMONTON BLATCHFORD,3012209,3012209.2024.8.9,2024-08-09 00:00:00,AB,2024,8,9,18.4,,12.8,,24,,0,,,,,,,,13,,35,,0.4,,0,,32,,67,
-113.51666944444445,53.57305777777778,EDMONTON BLATCHFORD,3012209,3012209.2024.8.10,2024-08-10 00:00:00,AB,2024,8,10,20.5,,14.1,,26.9,,0,,,,,,,,14,,44,,2.5,,0,,28,,55,
-113.51666944444445,53.57305777777778,EDMONTON BLATCHFORD,3012209,3012209.2024.8.11,2024-08-11 00:00:00,AB,2024,8,11,22,,15.2,,28.8,,0,,,,,,,,16,,33,,4,,0,,25,,60,
-113.51666944444445,53.57305777777778,EDMONTON BLATCHFORD,3012209,3012209.2024.8.12,2024-08-12 00:00:00,AB,2024,8,12,22.9,,16.5,,29.4,,0,,,,,,,,,,,,4.9,,0,,27,,62,
-113.51666944444445,53.57305777777778,EDMONTON BLATCHFORD,3012209,3012209.2024.8.13,2024-08-13 00:00:00,AB,2024,8,13,20.9,,13.9,,27.8,,1.7,,,,,,,,,,,,2.9,,0,,32,,92,
-113.51666944444445,53.57305777777778,EDMONTON BLATCHFORD,3012209,3012209.2024.8.14,2024-08-14 00:00:00,AB,2024,8,14,20.6,,16.3,,24.9,,0,,,,,,,,32,,32,,2.6,,0,,49,,81,
-113.51666944444445,53.57305777777778,EDMONTON BLATCHFORD,3012209,3012209.2024.8.15,2024-08-15 00:00:00,AB,2024,8,15,19.7,,12.5,,26.8,,10.1,,,,,,,,,,,,1.7,,0,,32,,97,
-113.51666944444445,53.57305777777778,EDMONTON BLATCHFORD,3012209,3012209.2024.8.16,2024-08-16 00:00:00,AB,2024,8,16,16.7,,15.8,,17.5,,6.8,,,,,,,,,,,,0,,1.3,,81,,98,
-113.51666944444445,53.57305777777778,EDMONTON BLATCHFORD,3012209,3012209.2024.8.17,2024-08-17 00:00:00,AB,2024,8,17,17.6,,13.3,,21.9,,1.4,,,,,,,,,,,,0,,0.4,,63,,94,
-113.51666944444445,53.57305777777778,EDMONTON BLATCHFORD,3012209,3012209.2024.8.18,2024-08-18 00:00:00,AB,2024,8,18,18.6,,12.9,,24.4,,0.2,,,,,,,,,,,,0.6,,0,,51,,100,
-113.51666944444445,53.57305777777778,EDMONTON BLATCHFORD,3012209,3012209.2024.8.19,2024-08-19 00:00:00,AB,2024,8,19,21.8,,16.1,,27.6,,0,,,,,,,,,,,,3.8,,0,,43,,93,
-113.51666944444445,53.57305777777778,EDMONTON BLATCHFORD,3012209,3012209.2024.8.20,2024-08-20 00:00:00,AB,2024,8,20,,M,,M,,M,,M,,,,,,,,M,,M,,M,,M,,M,,M
-113.51666944444445,53.57305777777778,EDMONTON BLATCHFORD,3012209,3012209.2024.8.21,2024-08-21 00:00:00,AB,2024,8,21,18.7,,12.9,,24.4,,0,,,,,,,,34,,31,,0.7,,0,,38,,89,
-113.51666944444445,53.57305777777778,EDMONTON BLATCHFORD,3012209,3012209.2024.8.22,2024-08-22 00:00:00,AB,2024,8,22,15.9,,11.9,,19.8,,0,,,,,,,,,,,,0,,2.1,,58,,93,
-113.51666944444445,53.57305777777778,EDMONTON BLATCHFORD,3012209,3012209.2024.8.23,2024-08-23 00:00:00,AB,2024,8,23,20.9,,13.2,,28.7,,0,,,,,,,,12,,35,,2.9,,0,,30,,83,
-113.51666944444445,53.57305777777778,EDMONTON BLATCHFORD,3012209,3012209.2024.8.24,2024-08-24 00:00:00,AB,2024,8,24,17.3,,12.8,,21.7,,9.2,,,,,,,,28,,48,,0,,0.7,,55,,100,
-113.51666944444445,53.57305777777778,EDMONTON BLATCHFORD,3012209,3012209.2024.8.25,2024-08-25 00:00:00,AB,2024,8,25,16.9,,10.6,,23.2,,4.1,,,,,,,,29,,36,,0,,1.1,,39,,99,
-113.51666944444445,53.57305777777778,EDMONTON BLATCHFORD,3012209,3012209.2024.8.26,2024-08-26 00:00:00,AB,2024,8,26,19.5,,12.8,,26.2,,0,,,,,,,,19,,35,,1.5,,0,,28,,72,
-113.51666944444445,53.57305777777778,EDMONTON BLATCHFORD,3012209,3012209.2024.8.27,2024-08-27 00:00:00,AB,2024,8,27,16.6,,12,,21.2,,7,,,,,,,,33,,39,,0,,1.4,,39,,98,
-113.51666944444445,53.57305777777778,EDMONTON BLATCHFORD,3012209,3012209.2024.8.28,2024-08-28 00:00:00,AB,2024,8,28,15.4,,11.8,,19.1,,1.3,,,,,,,,35,,40,,0,,2.6,,55,,100,
-113.51666944444445,53.57305777777778,EDMONTON BLATCHFORD,3012209,3012209.2024.8.29,2024-08-29 00:00:00,AB,2024,8,29,16.1,,8.3,,23.9,,0.2,,,,,,,,30,,45,,0,,1.9,,37,,93,
-113.51666944444445,53.57305777777778,EDMONTON BLATCHFORD,3012209,3012209.2024.8.30,2024-08-30 00:00:00,AB,2024,8,30,16.9,,10.4,,23.4,,0,,,,,,,,33,,37,,0,,1.1,,36,,92,
-113.51666944444445,53.57305777777778,EDMONTON BLATCHFORD,3012209,3012209.2024.8.31,2024-08-31 00:00:00,AB,2024,8,31,19.2,,13,,25.3,,0,,,,,,,,,,,,1.2,,0,,37,,72,
-113.51666944444445,53.57305777777778,EDMONTON BLATCHFORD,3012209,3012209.2024.9.1,2024-09-01 00:00:00,AB,2024,9,1,21.7,,12.8,,30.6,,0,,,,,,,,,,,,3.7,,0,,26,,83,
-113.51666944444445,53.57305777777778,EDMONTON BLATCHFORD,3012209,3012209.2024.9.2,2024-09-02 00:00:00,AB,2024,9,2,22.8,,14,,31.5,,0,,,,,,,,31,,31,,4.8,,0,,24,,76,
-113.51666944444445,53.57305777777778,EDMONTON BLATCHFORD,3012209,3012209.2024.9.3,2024-09-03 00:00:00,AB,2024,9,3,19.5,,15,,24.1,,0.5,,,,,,,,,,,,1.5,,0,,41,,92,
-113.51666944444445,53.57305777777778,EDMONTON BLATCHFORD,3012209,3012209.2024.9.4,2024-09-04 00:00:00,AB,2024,9,4,16.4,,12.2,,20.6,,0,,,,,,,,32,,31,,0,,1.6,,30,,73,
-113.51666944444445,53.57305777777778,EDMONTON BLATCHFORD,3012209,3012209.2024.9.5,2024-09-05 00:00:00,AB,2024,9,5,17.3,,8.5,,26,,0,,,,,,,,,,,,0,,0.7,,27,,77,
-113.51666944444445,53.57305777777778,EDMONTON BLATCHFORD,3012209,3012209.2024.9.6,2024-09-06 00:00:00,AB,2024,9,6,21.9,,11.6,,32.1,,,M,,,,,,,,,,,3.9,,0,,20,,71,
-113.51666944444445,53.57305777777778,EDMONTON BLATCHFORD,3012209,3012209.2024.9.7,2024-09-07 00:00:00,AB,2024,9,7,22.3,,13.7,,30.9,,0,,,,,,,,,,,,4.3,,0,,25,,73,
-113.51666944444445,53.57305777777778,EDMONTON BLATCHFORD,3012209,3012209.2024.9.8,2024-09-08 00:00:00,AB,2024,9,8,21.8,,12.8,,30.8,,0,,,,,,,,,,,,3.8,,0,,24,,87,
-113.51666944444445,53.57305777777778,EDMONTON BLATCHFORD,3012209,3012209.2024.9.9,2024-09-09 00:00:00,AB,2024,9,9,15.4,,10.2,,20.6,,0,,,,,,,,32,,46,,0,,2.6,,31,,76,
-113.51666944444445,53.57305777777778,EDMONTON BLATCHFORD,3012209,3012209.2024.9.10,2024-09-10 00:00:00,AB,2024,9,10,12.7,,5.4,,20.1,,0,,,,,,,,,,,,0,,5.3,,32,,88,
-113.51666944444445,53.57305777777778,EDMONTON BLATCHFORD,3012209,3012209.2024.9.11,2024-09-11 00:00:00,AB,2024,9,11,13.9,,9,,18.7,,1.3,,,,,,,,10,,38,,0,,4.1,,41,,88,
-113.51666944444445,53.57305777777778,EDMONTON BLATCHFORD,3012209,3012209.2024.9.12,2024-09-12 00:00:00,AB,2024,9,12,11.8,,9.9,,13.7,,5,,,,,,,,,,,,0,,6.2,,74,,100,
-113.51666944444445,53.57305777777778,EDMONTON BLATCHFORD,3012209,3012209.2024.9.13,2024-09-13 00:00:00,AB,2024,9,13,14.4,,9.9,,19,,0,,,,,,,,33,,34,,0,,3.6,,48,,91,
-113.51666944444445,53.57305777777778,EDMONTON BLATCHFORD,3012209,3012209.2024.9.14,2024-09-14 00:00:00,AB,2024,9,14,13.3,,8.1,,18.5,,1.4,,,,,,,,36,,31,,0,,4.7,,50,,99,
-113.51666944444445,53.57305777777778,EDMONTON BLATCHFORD,3012209,3012209.2024.9.15,2024-09-15 00:00:00,AB,2024,9,15,14.3,,8.1,,20.4,,0.2,,,,,,,,27,,37,,0,,3.7,,37,,100,
-113.51666944444445,53.57305777777778,EDMONTON BLATCHFORD,3012209,3012209.2024.9.16,2024-09-16 00:00:00,AB,2024,9,16,14.5,,7.1,,21.8,,0.2,,,,,,,,,,,,0,,3.5,,30,,100,
-113.51666944444445,53.57305777777778,EDMONTON BLATCHFORD,3012209,3012209.2024.9.17,2024-09-17 00:00:00,AB,2024,9,17,15.8,,7.3,,24.3,,0,,,,,,,,,,,,0,,2.2,,30,,87,
-113.51666944444445,53.57305777777778,EDMONTON BLATCHFORD,3012209,3012209.2024.9.18,2024-09-18 00:00:00,AB,2024,9,18,15.5,,8.7,,22.2,,0,,,,,,,,32,,32,,0,,2.5,,41,,92,
-113.51666944444445,53.57305777777778,EDMONTON BLATCHFORD,3012209,3012209.2024.9.19,2024-09-19 00:00:00,AB,2024,9,19,13.1,,7.9,,18.3,,0,,,,,,,,,,,,0,,4.9,,33,,85,
-113.51666944444445,53.57305777777778,EDMONTON BLATCHFORD,3012209,3012209.2024.9.20,2024-09-20 00:00:00,AB,2024,9,20,10.6,,6.8,,14.3,,0,,,,,,,,32,,42,,0,,7.4,,56,,89,
-113.51666944444445,53.57305777777778,EDMONTON BLATCHFORD,3012209,3012209.2024.9.21,2024-09-21 00:00:00,AB,2024,9,21,10,,3.2,,16.9,,0,,,,,,,,,,,,0,,8,,36,,99,
-113.51666944444445,53.57305777777778,EDMONTON BLATCHFORD,3012209,3012209.2024.9.22,2024-09-22 00:00:00,AB,2024,9,22,15.3,,9.5,,21.2,,1.9,,,,,,,,,,,,0,,2.7,,40,,100,
-113.51666944444445,53.57305777777778,EDMONTON BLATCHFORD,3012209,3012209.2024.9.23,2024-09-23 00:00:00,AB,2024,9,23,15,,9.1,,20.9,,0.5,,,,,,,,,,,,0,,3,,42,,100,
-113.51666944444445,53.57305777777778,EDMONTON BLATCHFORD,3012209,3012209.2024.9.24,2024-09-24 00:00:00,AB,2024,9,24,18,,9.9,,26.1,,0,,,,,,,,,,,,0,,0,,31,,88,
-113.51666944444445,53.57305777777778,EDMONTON BLATCHFORD,3012209,3012209.2024.9.25,2024-09-25 00:00:00,AB,2024,9,25,19.3,,14.5,,24.1,,0,,,,,,,,34,,46,,1.3,,0,,39,,73,
-113.51666944444445,53.57305777777778,EDMONTON BLATCHFORD,3012209,3012209.2024.9.26,2024-09-26 00:00:00,AB,2024,9,26,12.7,,8.2,,17.2,,10.7,,,,,,,,30,,52,,0,,5.3,,30,,98,
-113.51666944444445,53.57305777777778,EDMONTON BLATCHFORD,3012209,3012209.2024.9.27,2024-09-27 00:00:00,AB,2024,9,27,14.6,,7.8,,21.4,,0,,,,,,,,27,,42,,0,,3.4,,24,,82,
-113.51666944444445,53.57305777777778,EDMONTON BLATCHFORD,3012209,3012209.2024.9.28,2024-09-28 00:00:00,AB,2024,9,28,10.2,,4.3,,16,,0,,,,,,,,,,,,0,,7.8,,29,,71,
-113.51666944444445,53.57305777777778,EDMONTON BLATCHFORD,3012209,3012209.2024.9.29,2024-09-29 00:00:00,AB,2024,9,29,9,,5.6,,12.3,,0.5,,,,,,,,31,,45,,0,,9,,51,,96,
-113.51666944444445,53.57305777777778,EDMONTON BLATCHFORD,3012209,3012209.2024.9.30,2024-09-30 00:00:00,AB,2024,9,30,8.5,,4,,13,,0,,,,,,,,31,,49,,0,,9.5,,28,,82,
-113.51666944444445,53.57305777777778,EDMONTON BLATCHFORD,3012209,3012209.2024.10.1,2024-10-01 00:00:00,AB,2024,10,1,8,,4.2,,11.9,,0,,,,,,,,,,,,0,,10,,52,,84,
-113.51666944444445,53.57305777777778,EDMONTON BLATCHFORD,3012209,3012209.2024.10.2,2024-10-02 00:00:00,AB,2024,10,2,6.9,,3.6,,10.2,,0,,,,,,,,30,,36,,0,,11.1,,51,,91,
-113.51666944444445,53.57305777777778,EDMONTON BLATCHFORD,3012209,3012209.2024.10.3,2024-10-03 00:00:00,AB,2024,10,3,7.6,,2.9,,12.3,,0,,,,,,,,,,,,0,,10.4,,46,,80,
-113.51666944444445,53.57305777777778,EDMONTON BLATCHFORD,3012209,3012209.2024.10.4,2024-10-04 00:00:00,AB,2024,10,4,8.7,,5.3,,12.1,,0,,,,,,,,,,,,0,,9.3,,45,,79,
-113.51666944444445,53.57305777777778,EDMONTON BLATCHFORD,3012209,3012209.2024.10.5,2024-10-05 00:00:00,AB,2024,10,5,9.8,,4.7,,15,,0,,,,,,,,32,,40,,0,,8.2,,34,,84,
-113.51666944444445,53.57305777777778,EDMONTON BLATCHFORD,3012209,3012209.2024.10.6,2024-10-06 00:00:00,AB,2024,10,6,10.7,,4,,17.5,,0,,,,,,,,,,,,0,,7.3,,39,,81,
-113.51666944444445,53.57305777777778,EDMONTON BLATCHFORD,3012209,3012209.2024.10.7,2024-10-07 00:00:00,AB,2024,10,7,13.8,,4.7,,23,,0,,,,,,,,,,,,0,,4.2,,30,,89,
-113.51666944444445,53.57305777777778,EDMONTON BLATCHFORD,3012209,3012209.2024.10.8,2024-10-08 00:00:00,AB,2024,10,8,13.9,,6.3,,21.4,,0,,,,,,,,30,,60,,0,,4.1,,36,,82,
-113.51666944444445,53.57305777777778,EDMONTON BLATCHFORD,3012209,3012209.2024.10.9,2024-10-09 00:00:00,AB,2024,10,9,8.1,,4.6,,11.6,,0,,,,,,,,,,,,0,,9.9,,52,,84,
-113.51666944444445,53.57305777777778,EDMONTON BLATCHFORD,3012209,3012209.2024.10.10,2024-10-10 00:00:00,AB,2024,10,10,8.2,,3,,13.4,,0,,,,,,,,,,,,0,,9.8,,35,,92,
-113.51666944444445,53.57305777777778,EDMONTON BLATCHFORD,3012209,3012209.2024.10.11,2024-10-11 00:00:00,AB,2024,10,11,7,,2.5,,11.6,,0.2,,,,,,,,,,,,0,,11,,49,,93,
-113.51666944444445,53.57305777777778,EDMONTON BLATCHFORD,3012209,3012209.2024.10.12,2024-10-12 00:00:00,AB,2024,10,12,6.2,,-1.5,,14,,0,,,,,,,,,,,,0,,11.8,,32,,95,
-113.51666944444445,53.57305777777778,EDMONTON BLATCHFORD,3012209,3012209.2024.10.13,2024-10-13 00:00:00,AB,2024,10,13,11.5,,5.2,,17.7,,0,,,,,,,,17,,37,,0,,6.5,,35,,59,
-113.51666944444445,53.57305777777778,EDMONTON BLATCHFORD,3012209,3012209.2024.10.14,2024-10-14 00:00:00,AB,2024,10,14,9.7,,3.7,,15.8,,0,,,,,,,,,,,,0,,8.3,,50,,84,
-113.51666944444445,53.57305777777778,EDMONTON BLATCHFORD,3012209,3012209.2024.10.15,2024-10-15 00:00:00,AB,2024,10,15,9.5,,4.4,,14.5,,0,,,,,,,,,,,,0,,8.5,,39,,95,
-113.51666944444445,53.57305777777778,EDMONTON BLATCHFORD,3012209,3012209.2024.10.16,2024-10-16 00:00:00,AB,2024,10,16,9.2,,5.8,,12.6,,0.6,,,,,,,,,,,,0,,8.8,,65,,97,
-113.51666944444445,53.57305777777778,EDMONTON BLATCHFORD,3012209,3012209.2024.10.17,2024-10-17 00:00:00,AB,2024,10,17,6.8,,2.7,,10.9,,0,,,,,,,,31,,57,,0,,11.2,,33,,81,
-113.51666944444445,53.57305777777778,EDMONTON BLATCHFORD,3012209,3012209.2024.10.18,2024-10-18 00:00:00,AB,2024,10,18,6.1,,1.7,,10.5,,0,,,,,,,,19,,32,,0,,11.9,,32,,60,
-113.51666944444445,53.57305777777778,EDMONTON BLATCHFORD,3012209,3012209.2024.10.19,2024-10-19 00:00:00,AB,2024,10,19,8.7,,1,,16.3,,0,,,,,,,,30,,41,,0,,9.3,,34,,70,
-113.51666944444445,53.57305777777778,EDMONTON BLATCHFORD,3012209,3012209.2024.10.20,2024-10-20 00:00:00,AB,2024,10,20,7.7,,5,,10.5,,0.5,,,,,,,,29,,36,,0,,10.3,,62,,91,
-113.51666944444445,53.57305777777778,EDMONTON BLATCHFORD,3012209,3012209.2024.10.21,2024-10-21 00:00:00,AB,2024,10,21,1.6,,-2.6,,5.8,,0.7,,,,,,,,33,,44,,0,,16.4,,75,,100,
-113.51666944444445,53.57305777777778,EDMONTON BLATCHFORD,3012209,3012209.2024.10.22,2024-10-22 00:00:00,AB,2024,10,22,2.7,,-2.7,,8,,0,,,,,,,,,,,,0,,15.3,,37,,76,
-113.51666944444445,53.57305777777778,EDMONTON BLATCHFORD,3012209,3012209.2024.10.23,2024-10-23 00:00:00,AB,2024,10,23,4.6,,0,,9.2,,0,,,,,,,,29,,37,,0,,13.4,,37,,66,
-113.51666944444445,53.57305777777778,EDMONTON BLATCHFORD,3012209,3012209.2024.10.24,2024-10-24 00:00:00,AB,2024,10,24,4.3,,0.6,,8.1,,0,,,,,,,,32,,50,,0,,13.7,,33,,68,
-113.51666944444445,53.57305777777778,EDMONTON BLATCHFORD,3012209,3012209.2024.10.25,2024-10-25 00:00:00,AB,2024,10,25,3.8,,-1.9,,9.6,,0,,,,,,,,,,,,0,,14.2,,27,,65,
-113.51666944444445,53.57305777777778,EDMONTON BLATCHFORD,3012209,3012209.2024.10.26,2024-10-26 00:00:00,AB,2024,10,26,2.9,,-1,,6.7,,0,,,,,,,,,,,,0,,15.1,,49,,79,
-113.51666944444445,53.57305777777778,EDMONTON BLATCHFORD,3012209,3012209.2024.10.27,2024-10-27 00:00:00,AB,2024,10,27,4.5,,0,,9,,0,,,,,,,,,,,,0,,13.5,,60,,82,
-113.51666944444445,53.57305777777778,EDMONTON BLATCHFORD,3012209,3012209.2024.10.28,2024-10-28 00:00:00,AB,2024,10,28,1.1,,-1,,3.3,,0,,,,,,,,,,,,0,,16.9,,72,,99,
-113.51666944444445,53.57305777777778,EDMONTON BLATCHFORD,3012209,3012209.2024.10.29,2024-10-29 00:00:00,AB,2024,10,29,2.3,,-1.3,,6,,0,,,,,,,,,,,,0,,15.7,,49,,84,
-113.51666944444445,53.57305777777778,EDMONTON BLATCHFORD,3012209,3012209.2024.10.30,2024-10-30 00:00:00,AB,2024,10,30,1.8,,-4.1,,7.7,,0,,,,,,,,,,,,0,,16.2,,56,,96,
-113.51666944444445,53.57305777777778,EDMONTON BLATCHFORD,3012209,3012209.2024.10.31,2024-10-31 00:00:00,AB,2024,10,31,-1.1,,-2.6,,0.4,,0,,,,,,,,,,,,0,,19.1,,82,,97,
-113.51666944444445,53.57305777777778,EDMONTON BLATCHFORD,3012209,3012209.2024.11.1,2024-11-01 00:00:00,AB,2024,11,1,-1.2,,-2.2,,-0.2,,0,,,,,,,,,,,,0,,19.2,,81,,93,
-113.51666944444445,53.57305777777778,EDMONTON BLATCHFORD,3012209,3012209.2024.11.2,2024-11-02 00:00:00,AB,2024,11,2,-1.7,,-3,,-0.3,,0.9,,,,,,,,,,,,0,,19.7,,84,,96,
-113.51666944444445,53.57305777777778,EDMONTON BLATCHFORD,3012209,3012209.2024.11.3,2024-11-03 00:00:00,AB,2024,11,3,1.4,,-5.2,,8,,0.2,,,,,,,,,,,,0,,16.6,,41,,97,
-113.51666944444445,53.57305777777778,EDMONTON BLATCHFORD,3012209,3012209.2024.11.4,2024-11-04 00:00:00,AB,2024,11,4,2,,-3.5,,7.6,,0,,,,,,,,,,,,0,,16,,35,,76,
-113.51666944444445,53.57305777777778,EDMONTON BLATCHFORD,3012209,3012209.2024.11.5,2024-11-05 00:00:00,AB,2024,11,5,0.4,,-3.1,,3.9,,1,,,,,,,,33,,39,,0,,17.6,,52,,100,
-113.51666944444445,53.57305777777778,EDMONTON BLATCHFORD,3012209,3012209.2024.11.6,2024-11-06 00:00:00,AB,2024,11,6,3.5,,-3.7,,10.6,,0,,,,,,,,,,,,0,,14.5,,41,,86,
-113.51666944444445,53.57305777777778,EDMONTON BLATCHFORD,3012209,3012209.2024.11.7,2024-11-07 00:00:00,AB,2024,11,7,9.7,,5.2,,14.3,,0,,,,,,,,24,,33,,0,,8.3,,46,,78,
-113.51666944444445,53.57305777777778,EDMONTON BLATCHFORD,3012209,3012209.2024.11.8,2024-11-08 00:00:00,AB,2024,11,8,9.1,,2.7,,15.6,,0,,,,,,,,36,,43,,0,,8.9,,41,,82,
-113.51666944444445,53.57305777777778,EDMONTON BLATCHFORD,3012209,3012209.2024.11.9,2024-11-09 00:00:00,AB,2024,11,9,4.5,,1.6,,7.3,,0,,,,,,,,35,,43,,0,,13.5,,53,,90,
-113.51666944444445,53.57305777777778,EDMONTON BLATCHFORD,3012209,3012209.2024.11.10,2024-11-10 00:00:00,AB,2024,11,10,-0.3,,-2.4,,1.8,,0,,,,,,,,15,,36,,0,,18.3,,82,,100,
-113.51666944444445,53.57305777777778,EDMONTON BLATCHFORD,3012209,3012209.2024.11.11,2024-11-11 00:00:00,AB,2024,11,11,2.1,,1,,3.1,,0,,,,,,,,15,,31,,0,,15.9,,83,,99,
-113.51666944444445,53.57305777777778,EDMONTON BLATCHFORD,3012209,3012209.2024.11.12,2024-11-12 00:00:00,AB,2024,11,12,3.8,,-1.8,,9.5,,0,,,,,,,,31,,33,,0,,14.2,,38,,96,
-113.51666944444445,53.57305777777778,EDMONTON BLATCHFORD,3012209,3012209.2024.11.13,2024-11-13 00:00:00,AB,2024,11,13,0.3,,-4.2,,4.9,,0.2,,,,,,,,,,,,0,,17.7,,60,,97,
-113.51666944444445,53.57305777777778,EDMONTON BLATCHFORD,3012209,3012209.2024.11.14,2024-11-14 00:00:00,AB,2024,11,14,-1.6,,-3.4,,0.2,,0,,,,,,,,,,,,0,,19.6,,83,,100,
-113.51666944444445,53.57305777777778,EDMONTON BLATCHFORD,3012209,3012209.2024.11.15,2024-11-15 00:00:00,AB,2024,11,15,-1.2,,-2.8,,0.4,,2.6,,,,,,,,,,,,0,,19.2,,87,,100,
-113.51666944444445,53.57305777777778,EDMONTON BLATCHFORD,3012209,3012209.2024.11.16,2024-11-16 00:00:00,AB,2024,11,16,-1.1,,-2.9,,0.6,,0,,,,,,,,,,,,0,,19.1,,78,,100,
-113.51666944444445,53.57305777777778,EDMONTON BLATCHFORD,3012209,3012209.2024.11.17,2024-11-17 00:00:00,AB,2024,11,17,-0.8,,-4.7,,3.1,,0,,,,,,,,,,,,0,,18.8,,56,,96,
-113.51666944444445,53.57305777777778,EDMONTON BLATCHFORD,3012209,3012209.2024.11.18,2024-11-18 00:00:00,AB,2024,11,18,-3.7,,-7,,-0.4,,0,,,,,,,,,,,,0,,21.7,,65,,95,
-113.51666944444445,53.57305777777778,EDMONTON BLATCHFORD,3012209,3012209.2024.11.19,2024-11-19 00:00:00,AB,2024,11,19,-7.8,,-9.7,,-6,,0,,,,,,,,,,,,0,,25.8,,81,,97,
-113.51666944444445,53.57305777777778,EDMONTON BLATCHFORD,3012209,3012209.2024.11.20,2024-11-20 00:00:00,AB,2024,11,20,-11.4,,-14.5,,-8.4,,0,,,,,,,,,,,,0,,29.4,,75,,89,
-113.51666944444445,53.57305777777778,EDMONTON BLATCHFORD,3012209,3012209.2024.11.21,2024-11-21 00:00:00,AB,2024,11,21,-12.5,,-13.9,,-11.1,,3.2,,,,,,,,,,,,0,,30.5,,81,,88,
-113.51666944444445,53.57305777777778,EDMONTON BLATCHFORD,3012209,3012209.2024.11.22,2024-11-22 00:00:00,AB,2024,11,22,-11.7,,-15.2,,-8.1,,0,,,,,,,,,,,,0,,29.7,,69,,89,
-113.51666944444445,53.57305777777778,EDMONTON BLATCHFORD,3012209,3012209.2024.11.23,2024-11-23 00:00:00,AB,2024,11,23,-12.3,,-14.2,,-10.3,,13.4,,,,,,,,,,,,0,,30.3,,85,,89,
-113.51666944444445,53.57305777777778,EDMONTON BLATCHFORD,3012209,3012209.2024.11.24,2024-11-24 00:00:00,AB,2024,11,24,-13.6,,-14.4,,-12.8,,0.2,,,,,,,,,,,,0,,31.6,,81,,88,
-113.51666944444445,53.57305777777778,EDMONTON BLATCHFORD,3012209,3012209.2024.11.25,2024-11-25 00:00:00,AB,2024,11,25,-13.3,,-15.1,,-11.5,,0.2,,,,,,,,,,,,0,,31.3,,69,,85,
-113.51666944444445,53.57305777777778,EDMONTON BLATCHFORD,3012209,3012209.2024.11.26,2024-11-26 00:00:00,AB,2024,11,26,-12.1,,-16.6,,-7.7,,0.2,,,,,,,,,,,,0,,30.1,,69,,88,
-113.51666944444445,53.57305777777778,EDMONTON BLATCHFORD,3012209,3012209.2024.11.27,2024-11-27 00:00:00,AB,2024,11,27,-13.2,,-18.3,,-8.1,,0,,,,,,,,,,,,0,,31.2,,70,,84,
-113.51666944444445,53.57305777777778,EDMONTON BLATCHFORD,3012209,3012209.2024.11.28,2024-11-28 00:00:00,AB,2024,11,28,-17.8,,-19.5,,-16.1,,0.2,,,,,,,,,,,,0,,35.8,,73,,86,
-113.51666944444445,53.57305777777778,EDMONTON BLATCHFORD,3012209,3012209.2024.11.29,2024-11-29 00:00:00,AB,2024,11,29,-17.2,,-18.9,,-15.6,,0.2,,,,,,,,,,,,0,,35.2,,68,,79,
-113.51666944444445,53.57305777777778,EDMONTON BLATCHFORD,3012209,3012209.2024.11.30,2024-11-30 00:00:00,AB,2024,11,30,-17.3,,-18.6,,-15.9,,6.5,,,,,,,,,,,,0,,35.3,,75,,82,
-113.51666944444445,53.57305777777778,EDMONTON BLATCHFORD,3012209,3012209.2024.12.1,2024-12-01 00:00:00,AB,2024,12,1,-19.5,,-25,,-14,,0,,,,,,,,,,,,0,,37.5,,70,,82,
-113.51666944444445,53.57305777777778,EDMONTON BLATCHFORD,3012209,3012209.2024.12.2,2024-12-02 00:00:00,AB,2024,12,2,-6.2,,-14.2,,1.8,,0,,,,,,,,,,,,0,,24.2,,65,,81,
-113.51666944444445,53.57305777777778,EDMONTON BLATCHFORD,3012209,3012209.2024.12.3,2024-12-03 00:00:00,AB,2024,12,3,,M,,M,,M,,M,,,,,,,,M,,M,,M,,M,,M,,M
-113.51666944444445,53.57305777777778,EDMONTON BLATCHFORD,3012209,3012209.2024.12.4,2024-12-04 00:00:00,AB,2024,12,4,-8.2,,-11.6,,-4.9,,5.8,,,,,,,,,,,,0,,26.2,,73,,90,
-113.51666944444445,53.57305777777778,EDMONTON BLATCHFORD,3012209,3012209.2024.12.5,2024-12-05 00:00:00,AB,2024,12,5,-0.6,,-7,,5.7,,0.2,,,,,,,,,,,,0,,18.6,,69,,94,
-113.51666944444445,53.57305777777778,EDMONTON BLATCHFORD,3012209,3012209.2024.12.6,2024-12-06 00:00:00,AB,2024,12,6,3.3,,-0.9,,7.5,,0,,,,,,,,,,,,0,,14.7,,54,,89,
-113.51666944444445,53.57305777777778,EDMONTON BLATCHFORD,3012209,3012209.2024.12.7,2024-12-07 00:00:00,AB,2024,12,7,1.7,,-1.3,,4.7,,1,,,,,,,,,,,,0,,16.3,,70,,97,
-113.51666944444445,53.57305777777778,EDMONTON BLATCHFORD,3012209,3012209.2024.12.8,2024-12-08 00:00:00,AB,2024,12,8,0.1,,-1.1,,1.4,,5.3,,,,,,,,32,,37,,0,,17.9,,81,,97,
-113.51666944444445,53.57305777777778,EDMONTON BLATCHFORD,3012209,3012209.2024.12.9,2024-12-09 00:00:00,AB,2024,12,9,-2.1,,-4.7,,0.5,,0.2,,,,,,,,31,,34,,0,,20.1,,67,,88,
-113.51666944444445,53.57305777777778,EDMONTON BLATCHFORD,3012209,3012209.2024.12.10,2024-12-10 00:00:00,AB,2024,12,10,-8.4,,-12.2,,-4.6,,4.6,,,,,,,,,,,,0,,26.4,,79,,85,
-113.51666944444445,53.57305777777778,EDMONTON BLATCHFORD,3012209,3012209.2024.12.11,2024-12-11 00:00:00,AB,2024,12,11,-10,,-12,,-8,,0.2,,,,,,,,,,,,0,,28,,80,,84,
-113.51666944444445,53.57305777777778,EDMONTON BLATCHFORD,3012209,3012209.2024.12.12,2024-12-12 00:00:00,AB,2024,12,12,-9.4,,-12.1,,-6.7,,0,,,,,,,,,,,,0,,27.4,,78,,90,
-113.51666944444445,53.57305777777778,EDMONTON BLATCHFORD,3012209,3012209.2024.12.13,2024-12-13 00:00:00,AB,2024,12,13,-5.8,,-9,,-2.7,,0,,,,,,,,,,,,0,,23.8,,73,,88,
-113.51666944444445,53.57305777777778,EDMONTON BLATCHFORD,3012209,3012209.2024.12.14,2024-12-14 00:00:00,AB,2024,12,14,-6.4,,-10,,-2.8,,0,,,,,,,,,,,,0,,24.4,,72,,90,
-113.51666944444445,53.57305777777778,EDMONTON BLATCHFORD,3012209,3012209.2024.12.15,2024-12-15 00:00:00,AB,2024,12,15,-9.4,,-11.8,,-6.9,,0.2,,,,,,,,,,,,0,,27.4,,77,,92,
-113.51666944444445,53.57305777777778,EDMONTON BLATCHFORD,3012209,3012209.2024.12.16,2024-12-16 00:00:00,AB,2024,12,16,-15.1,,-18.5,,-11.8,,0,,,,,,,,,,,,0,,33.1,,71,,86,
-113.51666944444445,53.57305777777778,EDMONTON BLATCHFORD,3012209,3012209.2024.12.17,2024-12-17 00:00:00,AB,2024,12,17,-17.7,,-18.5,,-16.9,,0,,,,,,,,,,,,0,,35.7,,65,,74,
-113.51666944444445,53.57305777777778,EDMONTON BLATCHFORD,3012209,3012209.2024.12.18,2024-12-18 00:00:00,AB,2024,12,18,-18.3,,-19.7,,-16.9,,9.4,,,,,,,,,,,,0,,36.3,,67,,80,
-113.51666944444445,53.57305777777778,EDMONTON BLATCHFORD,3012209,3012209.2024.12.19,2024-12-19 00:00:00,AB,2024,12,19,-17.5,,-19.8,,-15.2,,0.2,,,,,,,,,,,,0,,35.5,,72,,82,
-113.51666944444445,53.57305777777778,EDMONTON BLATCHFORD,3012209,3012209.2024.12.20,2024-12-20 00:00:00,AB,2024,12,20,-11.5,,-15.5,,-7.5,,0.9,,,,,,,,14,,31,,0,,29.5,,65,,82,
-113.51666944444445,53.57305777777778,EDMONTON BLATCHFORD,3012209,3012209.2024.12.21,2024-12-21 00:00:00,AB,2024,12,21,-3.1,,-10.8,,4.5,,0,,,,,,,,,,,,0,,21.1,,69,,96,
-113.51666944444445,53.57305777777778,EDMONTON BLATCHFORD,3012209,3012209.2024.12.22,2024-12-22 00:00:00,AB,2024,12,22,-4.7,,-10.2,,0.9,,0,,,,,,,,,,,,0,,22.7,,78,,98,
-113.51666944444445,53.57305777777778,EDMONTON BLATCHFORD,3012209,3012209.2024.12.23,2024-12-23 00:00:00,AB,2024,12,23,-0.8,,-6,,4.5,,0,,,,,,,,,,,,0,,18.8,,59,,89,
-113.51666944444445,53.57305777777778,EDMONTON BLATCHFORD,3012209,3012209.2024.12.24,2024-12-24 00:00:00,AB,2024,12,24,-2.2,,-8,,3.7,,0,,,,,,,,16,,35,,0,,20.2,,49,,92,
-113.51666944444445,53.57305777777778,EDMONTON BLATCHFORD,3012209,3012209.2024.12.25,2024-12-25 00:00:00,AB,2024,12,25,-0.1,,-5.7,,5.4,,0,,,,,,,,,,,,0,,18.1,,38,,73,
-113.51666944444445,53.57305777777778,EDMONTON BLATCHFORD,3012209,3012209.2024.12.26,2024-12-26 00:00:00,AB,2024,12,26,-4.4,,-10,,1.3,,0,,,,,,,,,,,,0,,22.4,,51,,85,
-113.51666944444445,53.57305777777778,EDMONTON BLATCHFORD,3012209,3012209.2024.12.27,2024-12-27 00:00:00,AB,2024,12,27,-2.8,,-6.7,,1.2,,0,,,,,,,,,,,,0,,20.8,,73,,96,
-113.51666944444445,53.57305777777778,EDMONTON BLATCHFORD,3012209,3012209.2024.12.28,2024-12-28 00:00:00,AB,2024,12,28,-4.7,,-8.1,,-1.2,,0,,,,,,,,,,,,0,,22.7,,60,,84,
-113.51666944444445,53.57305777777778,EDMONTON BLATCHFORD,3012209,3012209.2024.12.29,2024-12-29 00:00:00,AB,2024,12,29,-8.3,,-12.2,,-4.5,,0,,,,,,,,,,,,0,,26.3,,74,,90,
-113.51666944444445,53.57305777777778,EDMONTON BLATCHFORD,3012209,3012209.2024.12.30,2024-12-30 00:00:00,AB,2024,12,30,-9.4,,-11.2,,-7.5,,0,,,,,,,,,,,,0,,27.4,,76,,89,
-113.51666944444445,53.57305777777778,EDMONTON BLATCHFORD,3012209,3012209.2024.12.31,2024-12-31 00:00:00,AB,2024,12,31,-11.6,,-13.3,,-10,,0,,,,,,,,,,,,0,,29.6,,73,,87,
-113.51666944444445,53.57305777777778,EDMONTON BLATCHFORD,3012209,3012209.2025.1.1,2025-01-01 00:00:00,AB,2025,1,1,-14.7,,-16.5,,-12.9,,0,,,,,,,,,,,,0,,32.7,,72,,80,
-113.51666944444445,53.57305777777778,EDMONTON BLATCHFORD,3012209,3012209.2025.1.2,2025-01-02 00:00:00,AB,2025,1,2,-20.1,,-23.7,,-16.5,,0,,,,,,,,,,,,0,,38.1,,71,,83,
-113.51666944444445,53.57305777777778,EDMONTON BLATCHFORD,3012209,3012209.2025.1.3,2025-01-03 00:00:00,AB,2025,1,3,-20.1,,-24.3,,-16,,0,,,,,,,,15,,35,,0,,38.1,,68,,80,
-113.51666944444445,53.57305777777778,EDMONTON BLATCHFORD,3012209,3012209.2025.1.4,2025-01-04 00:00:00,AB,2025,1,4,-16.6,,-18.4,,-14.8,,0,,,,,,,,12,,32,,0,,34.6,,67,,72,
-113.51666944444445,53.57305777777778,EDMONTON BLATCHFORD,3012209,3012209.2025.1.5,2025-01-05 00:00:00,AB,2025,1,5,-14.6,,-15.4,,-13.8,,0,,,,,,,,,,,,0,,32.6,,68,,81,
-113.51666944444445,53.57305777777778,EDMONTON BLATCHFORD,3012209,3012209.2025.1.6,2025-01-06 00:00:00,AB,2025,1,6,-10.6,,-14.1,,-7.1,,0.2,,,,,,,,,,,,0,,28.6,,63,,82,
-113.51666944444445,53.57305777777778,EDMONTON BLATCHFORD,3012209,3012209.2025.1.7,2025-01-07 00:00:00,AB,2025,1,7,-5,,-12.8,,2.7,,0,,,,,,,,,,,,0,,23,,52,,91,
-113.51666944444445,53.57305777777778,EDMONTON BLATCHFORD,3012209,3012209.2025.1.8,2025-01-08 00:00:00,AB,2025,1,8,0.9,,-3,,4.8,,0,,,,,,,,30,,39,,0,,17.1,,59,,81,
-113.51666944444445,53.57305777777778,EDMONTON BLATCHFORD,3012209,3012209.2025.1.9,2025-01-09 00:00:00,AB,2025,1,9,-1.7,,-6.5,,3.1,,0,,,,,,,,,,,,0,,19.7,,53,,86,
-113.51666944444445,53.57305777777778,EDMONTON BLATCHFORD,3012209,3012209.2025.1.10,2025-01-10 00:00:00,AB,2025,1,10,2.2,,-1.1,,5.5,,1.3,,,,,,,,30,,51,,0,,15.8,,60,,89,
-113.51666944444445,53.57305777777778,EDMONTON BLATCHFORD,3012209,3012209.2025.1.11,2025-01-11 00:00:00,AB,2025,1,11,-1.5,,-5.6,,2.6,,4.2,,,,,,,,31,,38,,0,,19.5,,78,,97,
-113.51666944444445,53.57305777777778,EDMONTON BLATCHFORD,3012209,3012209.2025.1.12,2025-01-12 00:00:00,AB,2025,1,12,-2.2,,-5.6,,1.3,,1.3,,,,,,,,,,,,0,,20.2,,70,,96,
-113.51666944444445,53.57305777777778,EDMONTON BLATCHFORD,3012209,3012209.2025.1.13,2025-01-13 00:00:00,AB,2025,1,13,-0.8,,-5.5,,3.8,,0,,,,,,,,30,,36,,0,,18.8,,53,,74,
-113.51666944444445,53.57305777777778,EDMONTON BLATCHFORD,3012209,3012209.2025.1.14,2025-01-14 00:00:00,AB,2025,1,14,0.5,,-4.9,,5.8,,0,,,,,,,,,,,,0,,17.5,,54,,78,
-113.51666944444445,53.57305777777778,EDMONTON BLATCHFORD,3012209,3012209.2025.1.15,2025-01-15 00:00:00,AB,2025,1,15,3.6,,1,,6.2,,0,,,,,,,,,,,,0,,14.4,,53,,82,
-113.51666944444445,53.57305777777778,EDMONTON BLATCHFORD,3012209,3012209.2025.1.16,2025-01-16 00:00:00,AB,2025,1,16,-1.4,,-6.7,,3.9,,4.9,,,,,,,,31,,71,,0,,19.4,,52,,96,
-113.51666944444445,53.57305777777778,EDMONTON BLATCHFORD,3012209,3012209.2025.1.17,2025-01-17 00:00:00,AB,2025,1,17,-11.6,,-16.4,,-6.7,,2.5,,,,,,,,35,,44,,0,,29.6,,67,,85,
-113.51666944444445,53.57305777777778,EDMONTON BLATCHFORD,3012209,3012209.2025.1.18,2025-01-18 00:00:00,AB,2025,1,18,-19.3,,-22.5,,-16.1,,0,,,,,,,,,,,,0,,37.3,,61,,81,
-113.51666944444445,53.57305777777778,EDMONTON BLATCHFORD,3012209,3012209.2025.1.19,2025-01-19 00:00:00,AB,2025,1,19,-23.5,,-27.6,,-19.3,,0,,,,,,,,,,,,0,,41.5,,67,,82,
-113.51666944444445,53.57305777777778,EDMONTON BLATCHFORD,3012209,3012209.2025.1.20,2025-01-20 00:00:00,AB,2025,1,20,-13.6,,-25.3,,-1.8,,0,,,,,,,,,,,,0,,31.6,,58,,80,
-113.51666944444445,53.57305777777778,EDMONTON BLATCHFORD,3012209,3012209.2025.1.21,2025-01-21 00:00:00,AB,2025,1,21,-1.2,,-2.9,,0.4,,0,,,,,,,,31,,69,,0,,19.2,,54,,90,
-113.51666944444445,53.57305777777778,EDMONTON BLATCHFORD,3012209,3012209.2025.1.22,2025-01-22 00:00:00,AB,2025,1,22,-4.4,,-7.6,,-1.2,,0.7,,,,,,,,33,,50,,0,,22.4,,61,,91,
-113.51666944444445,53.57305777777778,EDMONTON BLATCHFORD,3012209,3012209.2025.1.23,2025-01-23 00:00:00,AB,2025,1,23,-1.4,,-6.8,,4,,0,,,,,,,,31,,45,,0,,19.4,,56,,75,
-113.51666944444445,53.57305777777778,EDMONTON BLATCHFORD,3012209,3012209.2025.1.24,2025-01-24 00:00:00,AB,2025,1,24,-4.8,,-8.3,,-1.2,,0,,,,,,,,33,,48,,0,,22.8,,59,,79,
-113.51666944444445,53.57305777777778,EDMONTON BLATCHFORD,3012209,3012209.2025.1.25,2025-01-25 00:00:00,AB,2025,1,25,-4.3,,-9.9,,1.4,,0,,,,,,,,,,,,0,,22.3,,47,,86,
-113.51666944444445,53.57305777777778,EDMONTON BLATCHFORD,3012209,3012209.2025.1.26,2025-01-26 00:00:00,AB,2025,1,26,1,,-3.9,,5.9,,0,,,,,,,,,,,,0,,17,,44,,68,
-113.51666944444445,53.57305777777778,EDMONTON BLATCHFORD,3012209,3012209.2025.1.27,2025-01-27 00:00:00,AB,2025,1,27,4.8,,1.8,,7.7,,0,,,,,,,,31,,35,,0,,13.2,,32,,50,
-113.51666944444445,53.57305777777778,EDMONTON BLATCHFORD,3012209,3012209.2025.1.28,2025-01-28 00:00:00,AB,2025,1,28,3.5,,0,,7,,1.2,,,,,,,,,,,,0,,14.5,,43,,98,
-113.51666944444445,53.57305777777778,EDMONTON BLATCHFORD,3012209,3012209.2025.1.29,2025-01-29 00:00:00,AB,2025,1,29,0.5,,-1.3,,2.3,,3,,,,,,,,,,,,0,,17.5,,72,,98,
-113.51666944444445,53.57305777777778,EDMONTON BLATCHFORD,3012209,3012209.2025.1.30,2025-01-30 00:00:00,AB,2025,1,30,-4.4,,-11.6,,2.9,,5.8,,,,,,,,,,,,0,,22.4,,55,,88,
-113.51666944444445,53.57305777777778,EDMONTON BLATCHFORD,3012209,3012209.2025.1.31,2025-01-31 00:00:00,AB,2025,1,31,-12.5,,-14.4,,-10.6,,3.3,,,,,,,,13,,34,,0,,30.5,,81,,88,
-113.51666944444445,53.57305777777778,EDMONTON BLATCHFORD,3012209,3012209.2025.2.1,2025-02-01 00:00:00,AB,2025,2,1,-20,,-25.7,,-14.3,,2,,,,,,,,32,,38,,0,,38,,57,,86,
-113.51666944444445,53.57305777777778,EDMONTON BLATCHFORD,3012209,3012209.2025.2.2,2025-02-02 00:00:00,AB,2025,2,2,-24.9,,-26.7,,-23.1,,1.3,,,,,,,,33,,34,,0,,42.9,,63,,73,
-113.51666944444445,53.57305777777778,EDMONTON BLATCHFORD,3012209,3012209.2025.2.3,2025-02-03 00:00:00,AB,2025,2,3,-26.8,,-29.8,,-23.9,,0.2,,,,,,,,,,,,0,,44.8,,67,,76,
-113.51666944444445,53.57305777777778,EDMONTON BLATCHFORD,3012209,3012209.2025.2.4,2025-02-04 00:00:00,AB,2025,2,4,-23.9,,-26.9,,-20.8,,1.1,,,,,,,,,,,,0,,41.9,,60,,77,
-113.51666944444445,53.57305777777778,EDMONTON BLATCHFORD,3012209,3012209.2025.2.5,2025-02-05 00:00:00,AB,2025,2,5,-21.9,,-25,,-18.8,,0,,,,,,,,,,,,0,,39.9,,65,,78,
-113.51666944444445,53.57305777777778,EDMONTON BLATCHFORD,3012209,3012209.2025.2.6,2025-02-06 00:00:00,AB,2025,2,6,-12.8,,-18.8,,-6.9,,0.7,,,,,,,,,,,,0,,30.8,,60,,83,
-113.51666944444445,53.57305777777778,EDMONTON BLATCHFORD,3012209,3012209.2025.2.7,2025-02-07 00:00:00,AB,2025,2,7,-13.9,,-17.5,,-10.3,,0,,,,,,,,,,,,0,,31.9,,65,,85,
-113.51666944444445,53.57305777777778,EDMONTON BLATCHFORD,3012209,3012209.2025.2.8,2025-02-08 00:00:00,AB,2025,2,8,-14.3,,-19.8,,-8.7,,0,,,,,,,,32,,44,,0,,32.3,,60,,84,
-113.51666944444445,53.57305777777778,EDMONTON BLATCHFORD,3012209,3012209.2025.2.9,2025-02-09 00:00:00,AB,2025,2,9,-19.2,,-25.4,,-13.1,,0.4,,,,,,,,34,,44,,0,,37.2,,52,,78,
-113.51666944444445,53.57305777777778,EDMONTON BLATCHFORD,3012209,3012209.2025.2.10,2025-02-10 00:00:00,AB,2025,2,10,-21.2,,-28.8,,-13.6,,0,,,,,,,,,,,,0,,39.2,,54,,77,
-113.51666944444445,53.57305777777778,EDMONTON BLATCHFORD,3012209,3012209.2025.2.11,2025-02-11 00:00:00,AB,2025,2,11,-15.4,,-17,,-13.7,,0.5,,,,,,,,,,,,0,,33.4,,62,,84,
-113.51666944444445,53.57305777777778,EDMONTON BLATCHFORD,3012209,3012209.2025.2.12,2025-02-12 00:00:00,AB,2025,2,12,-15.4,,-19.4,,-11.4,,0.2,,,,,,,,,,,,0,,33.4,,58,,79,
-113.51666944444445,53.57305777777778,EDMONTON BLATCHFORD,3012209,3012209.2025.2.13,2025-02-13 00:00:00,AB,2025,2,13,-16.8,,-19.1,,-14.5,,0.2,,,,,,,,,,,,0,,34.8,,63,,79,
-113.51666944444445,53.57305777777778,EDMONTON BLATCHFORD,3012209,3012209.2025.2.14,2025-02-14 00:00:00,AB,2025,2,14,-18.4,,-19.6,,-17.1,,0.8,,,,,,,,,,,,0,,36.4,,65,,79,
-113.51666944444445,53.57305777777778,EDMONTON BLATCHFORD,3012209,3012209.2025.2.15,2025-02-15 00:00:00,AB,2025,2,15,-20.5,,-23.4,,-17.5,,0,,,,,,,,,,,,0,,38.5,,60,,82,
-113.51666944444445,53.57305777777778,EDMONTON BLATCHFORD,3012209,3012209.2025.2.16,2025-02-16 00:00:00,AB,2025,2,16,-21.8,,-26.6,,-17.1,,0.2,,,,,,,,,,,,0,,39.8,,54,,81,
-113.51666944444445,53.57305777777778,EDMONTON BLATCHFORD,3012209,3012209.2025.2.17,2025-02-17 00:00:00,AB,2025,2,17,-22.8,,-26.8,,-18.9,,0,,,,,,,,14,,32,,0,,40.8,,56,,76,
-113.51666944444445,53.57305777777778,EDMONTON BLATCHFORD,3012209,3012209.2025.2.18,2025-02-18 00:00:00,AB,2025,2,18,-24.5,,-30.3,,-18.8,,0,,,,,,,,15,,36,,0,,42.5,,47,,73,
-113.51666944444445,53.57305777777778,EDMONTON BLATCHFORD,3012209,3012209.2025.2.19,2025-02-19 00:00:00,AB,2025,2,19,-21,,-25.6,,-16.3,,0,,,,,,,,18,,35,,0,,39,,56,,69,
-113.51666944444445,53.57305777777778,EDMONTON BLATCHFORD,3012209,3012209.2025.2.20,2025-02-20 00:00:00,AB,2025,2,20,-10.4,,-22.8,,2.1,,0,,,,,,,,,,,,0,,28.4,,46,,74,
-113.51666944444445,53.57305777777778,EDMONTON BLATCHFORD,3012209,3012209.2025.2.21,2025-02-21 00:00:00,AB,2025,2,21,1.3,,-4.2,,6.8,,0,,,,,,,,,,,,0,,16.7,,53,,81,
-113.51666944444445,53.57305777777778,EDMONTON BLATCHFORD,3012209,3012209.2025.2.22,2025-02-22 00:00:00,AB,2025,2,22,4.7,,-3.1,,12.5,,0,,,,,,,,,,,,0,,13.3,,36,,80,
-113.51666944444445,53.57305777777778,EDMONTON BLATCHFORD,3012209,3012209.2025.2.23,2025-02-23 00:00:00,AB,2025,2,23,5.1,,0.3,,9.9,,0,,,,,,,,27,,43,,0,,12.9,,35,,73,
-113.51666944444445,53.57305777777778,EDMONTON BLATCHFORD,3012209,3012209.2025.2.24,2025-02-24 00:00:00,AB,2025,2,24,2.2,,-4.2,,8.7,,0,,,,,,,,,,,,0,,15.8,,36,,81,
-113.51666944444445,53.57305777777778,EDMONTON BLATCHFORD,3012209,3012209.2025.2.25,2025-02-25 00:00:00,AB,2025,2,25,1.7,,-5.4,,8.9,,0,,,,,,,,,,,,0,,16.3,,36,,87,
-113.51666944444445,53.57305777777778,EDMONTON BLATCHFORD,3012209,3012209.2025.2.26,2025-02-26 00:00:00,AB,2025,2,26,5.5,,0.7,,10.4,,0,,,,,,,,,,,,0,,12.5,,35,,65,
-113.51666944444445,53.57305777777778,EDMONTON BLATCHFORD,3012209,3012209.2025.2.27,2025-02-27 00:00:00,AB,2025,2,27,7.2,,3.5,,10.9,,0,,,,,,,,31,,54,,0,,10.8,,41,,63,
-113.51666944444445,53.57305777777778,EDMONTON BLATCHFORD,3012209,3012209.2025.2.28,2025-02-28 00:00:00,AB,2025,2,28,4.1,,-0.5,,8.7,,0,,,,,,,,,,,,0,,13.9,,38,,71,
-113.51666944444445,53.57305777777778,EDMONTON BLATCHFORD,3012209,3012209.2025.3.1,2025-03-01 00:00:00,AB,2025,3,1,6,,0.4,,11.5,,0,,,,,,,,,,,,0,,12,,35,,81,
-113.51666944444445,53.57305777777778,EDMONTON BLATCHFORD,3012209,3012209.2025.3.2,2025-03-02 00:00:00,AB,2025,3,2,3.4,,-2.7,,9.4,,0,,,,,,,,,,,,0,,14.6,,47,,94,
-113.51666944444445,53.57305777777778,EDMONTON BLATCHFORD,3012209,3012209.2025.3.3,2025-03-03 00:00:00,AB,2025,3,3,-0.6,,-4.3,,3.1,,0,,,,,,,,33,,32,,0,,18.6,,62,,90,
-113.51666944444445,53.57305777777778,EDMONTON BLATCHFORD,3012209,3012209.2025.3.4,2025-03-04 00:00:00,AB,2025,3,4,-0.3,,-6.1,,5.4,,0,,,,,,,,,,,,0,,18.3,,47,,92,
-113.51666944444445,53.57305777777778,EDMONTON BLATCHFORD,3012209,3012209.2025.3.5,2025-03-05 00:00:00,AB,2025,3,5,-0.3,,-5,,4.5,,0,,,,,,,,,,,,0,,18.3,,37,,94,
-113.51666944444445,53.57305777777778,EDMONTON BLATCHFORD,3012209,3012209.2025.3.6,2025-03-06 00:00:00,AB,2025,3,6,1.6,,-4.3,,7.4,,0,,,,,,,,30,,40,,0,,16.4,,39,,86,
-113.51666944444445,53.57305777777778,EDMONTON BLATCHFORD,3012209,3012209.2025.3.7,2025-03-07 00:00:00,AB,2025,3,7,2.5,,-3.9,,8.9,,0,,,,,,,,,,,,0,,15.5,,35,,87,
-113.51666944444445,53.57305777777778,EDMONTON BLATCHFORD,3012209,3012209.2025.3.8,2025-03-08 00:00:00,AB,2025,3,8,4.7,,-1.2,,10.7,,0,,,,,,,,,,,,0,,13.3,,32,,74,
-113.51666944444445,53.57305777777778,EDMONTON BLATCHFORD,3012209,3012209.2025.3.9,2025-03-09 00:00:00,AB,2025,3,9,-1.4,,-6.1,,3.4,,6,,,,,,,,,,,,0,,19.4,,66,,97,
-113.51666944444445,53.57305777777778,EDMONTON BLATCHFORD,3012209,3012209.2025.3.10,2025-03-10 00:00:00,AB,2025,3,10,-2.8,,-8.3,,2.7,,0,,,,,,,,,,,,0,,20.8,,66,,91,
-113.51666944444445,53.57305777777778,EDMONTON BLATCHFORD,3012209,3012209.2025.3.11,2025-03-11 00:00:00,AB,2025,3,11,1.6,,-2.6,,5.8,,0,,,,,,,,,,,,0,,16.4,,46,,90,
-113.51666944444445,53.57305777777778,EDMONTON BLATCHFORD,3012209,3012209.2025.3.12,2025-03-12 00:00:00,AB,2025,3,12,-4,,-6.8,,-1.2,,0,,,,,,,,10,,34,,0,,22,,75,,98,
-113.51666944444445,53.57305777777778,EDMONTON BLATCHFORD,3012209,3012209.2025.3.13,2025-03-13 00:00:00,AB,2025,3,13,-8.7,,-13.2,,-4.3,,8.8,,,,,,,,8,,32,,0,,26.7,,80,,89,
-113.51666944444445,53.57305777777778,EDMONTON BLATCHFORD,3012209,3012209.2025.3.14,2025-03-14 00:00:00,AB,2025,3,14,-13.5,,-17.4,,-9.6,,0,,,,,,,,,,,,0,,31.5,,60,,85,
-113.51666944444445,53.57305777777778,EDMONTON BLATCHFORD,3012209,3012209.2025.3.15,2025-03-15 00:00:00,AB,2025,3,15,-10.2,,-11.7,,-8.7,,0.4,,,,,,,,,,,,0,,28.2,,67,,78,
-113.51666944444445,53.57305777777778,EDMONTON BLATCHFORD,3012209,3012209.2025.3.16,2025-03-16 00:00:00,AB,2025,3,16,-9.3,,-12.1,,-6.5,,0,,,,,,,,,,,,0,,27.3,,65,,76,
-113.51666944444445,53.57305777777778,EDMONTON BLATCHFORD,3012209,3012209.2025.3.17,2025-03-17 00:00:00,AB,2025,3,17,-3.3,,-6.5,,-0.1,,0,,,,,,,,,,,,0,,21.3,,67,,89,
-113.51666944444445,53.57305777777778,EDMONTON BLATCHFORD,3012209,3012209.2025.3.18,2025-03-18 00:00:00,AB,2025,3,18,-1.6,,-7.2,,4.1,,0,,,,,,,,,,,,0,,19.6,,38,,79,
-113.51666944444445,53.57305777777778,EDMONTON BLATCHFORD,3012209,3012209.2025.3.19,2025-03-19 00:00:00,AB,2025,3,19,0.3,,-6.2,,6.7,,0,,,,,,,,,,,,0,,17.7,,26,,83,
-113.51666944444445,53.57305777777778,EDMONTON BLATCHFORD,3012209,3012209.2025.3.20,2025-03-20 00:00:00,AB,2025,3,20,0.4,,-5,,5.9,,0,,,,,,,,,,,,0,,17.6,,47,,91,
-113.51666944444445,53.57305777777778,EDMONTON BLATCHFORD,3012209,3012209.2025.3.21,2025-03-21 00:00:00,AB,2025,3,21,2.1,,-3.2,,7.3,,0,,,,,,,,,,,,0,,15.9,,45,,95,
-113.51666944444445,53.57305777777778,EDMONTON BLATCHFORD,3012209,3012209.2025.3.22,2025-03-22 00:00:00,AB,2025,3,22,3.3,,-1.5,,8.1,,0,,,,,,,,31,,40,,0,,14.7,,29,,93,
-113.51666944444445,53.57305777777778,EDMONTON BLATCHFORD,3012209,3012209.2025.3.23,2025-03-23 00:00:00,AB,2025,3,23,2.7,,-3.8,,9.3,,0,,,,,,,,,,,,0,,15.3,,24,,81,
-113.51666944444445,53.57305777777778,EDMONTON BLATCHFORD,3012209,3012209.2025.3.24,2025-03-24 00:00:00,AB,2025,3,24,6.5,,0.8,,12.1,,0,,,,,,,,32,,48,,0,,11.5,,25,,87,
-113.51666944444445,53.57305777777778,EDMONTON BLATCHFORD,3012209,3012209.2025.3.25,2025-03-25 00:00:00,AB,2025,3,25,5.4,,-0.4,,11.3,,0,,,,,,,,,,,,0,,12.6,,32,,63,
-113.51666944444445,53.57305777777778,EDMONTON BLATCHFORD,3012209,3012209.2025.3.26,2025-03-26 00:00:00,AB,2025,3,26,3.9,,0.2,,7.7,,0.3,,,,,,,,,,,,0,,14.1,,54,,92,
-113.51666944444445,53.57305777777778,EDMONTON BLATCHFORD,3012209,3012209.2025.3.27,2025-03-27 00:00:00,AB,2025,3,27,-1.7,,-5.5,,2.1,,18.1,,,,,,,,8,,34,,0,,19.7,,96,,100,
-113.51666944444445,53.57305777777778,EDMONTON BLATCHFORD,3012209,3012209.2025.3.28,2025-03-28 00:00:00,AB,2025,3,28,-6.6,,-8.6,,-4.6,,,M,,,,,,,8,,34,,0,,24.6,,92,,95,
-113.51666944444445,53.57305777777778,EDMONTON BLATCHFORD,3012209,3012209.2025.3.29,2025-03-29 00:00:00,AB,2025,3,29,-6.6,,-9.5,,-3.7,,1,,,,,,,,,,,,0,,24.6,,74,,96,
-113.51666944444445,53.57305777777778,EDMONTON BLATCHFORD,3012209,3012209.2025.3.30,2025-03-30 00:00:00,AB,2025,3,30,-5.1,,-11.2,,1.1,,0,,,,,,,,,,,,0,,23.1,,59,,90,
-113.51666944444445,53.57305777777778,EDMONTON BLATCHFORD,3012209,3012209.2025.3.31,2025-03-31 00:00:00,AB,2025,3,31,0.8,,-2.4,,4,,0,,,,,,,,,,,,0,,17.2,,63,,90,
-113.51666944444445,53.57305777777778,EDMONTON BLATCHFORD,3012209,3012209.2025.4.1,2025-04-01 00:00:00,AB,2025,4,1,2.2,,-0.9,,5.2,,0,,,,,,,,35,,31,,0,,15.8,,65,,89,
-113.51666944444445,53.57305777777778,EDMONTON BLATCHFORD,3012209,3012209.2025.4.2,2025-04-02 00:00:00,AB,2025,4,2,-1.9,,-5.5,,1.8,,0,,,,,,,,34,,39,,0,,19.9,,36,,86,
-113.51666944444445,53.57305777777778,EDMONTON BLATCHFORD,3012209,3012209.2025.4.3,2025-04-03 00:00:00,AB,2025,4,3,-2.9,,-6.6,,0.8,,0,,,,,,,,34,,40,,0,,20.9,,35,,84,
-113.51666944444445,53.57305777777778,EDMONTON BLATCHFORD,3012209,3012209.2025.4.4,2025-04-04 00:00:00,AB,2025,4,4,1.3,,-7.4,,9.9,,0,,,,,,,,,,,,0,,16.7,,25,,78,
-113.51666944444445,53.57305777777778,EDMONTON BLATCHFORD,3012209,3012209.2025.4.5,2025-04-05 00:00:00,AB,2025,4,5,7.2,,-1.6,,15.9,,0,,,,,,,,,,,,0,,10.8,,22,,69,
-113.51666944444445,53.57305777777778,EDMONTON BLATCHFORD,3012209,3012209.2025.4.6,2025-04-06 00:00:00,AB,2025,4,6,9.4,,-0.7,,19.4,,0,,,,,,,,,,,,0,,8.6,,23,,85,
-113.51666944444445,53.57305777777778,EDMONTON BLATCHFORD,3012209,3012209.2025.4.7,2025-04-07 00:00:00,AB,2025,4,7,9.8,,3.7,,15.9,,0,,,,,,,,14,,32,,0,,8.2,,39,,91,
-113.51666944444445,53.57305777777778,EDMONTON BLATCHFORD,3012209,3012209.2025.4.8,2025-04-08 00:00:00,AB,2025,4,8,8.4,,5.1,,11.6,,0.3,,,,,,,,31,,43,,0,,9.6,,46,,98,
-113.51666944444445,53.57305777777778,EDMONTON BLATCHFORD,3012209,3012209.2025.4.9,2025-04-09 00:00:00,AB,2025,4,9,7.6,,-0.4,,15.6,,0,,,,,,,,30,,41,,0,,10.4,,27,,83,
-113.51666944444445,53.57305777777778,EDMONTON BLATCHFORD,3012209,3012209.2025.4.10,2025-04-10 00:00:00,AB,2025,4,10,8.3,,0.4,,16.3,,0,,,,,,,,19,,32,,0,,9.7,,24,,85,
-113.51666944444445,53.57305777777778,EDMONTON BLATCHFORD,3012209,3012209.2025.4.11,2025-04-11 00:00:00,AB,2025,4,11,10.5,,5.2,,15.8,,0,,,,,,,,30,,53,,0,,7.5,,17,,53,
-113.51666944444445,53.57305777777778,EDMONTON BLATCHFORD,3012209,3012209.2025.4.12,2025-04-12 00:00:00,AB,2025,4,12,5.5,,0.5,,10.5,,0,,,,,,,,29,,48,,0,,12.5,,25,,79,
-113.51666944444445,53.57305777777778,EDMONTON BLATCHFORD,3012209,3012209.2025.4.13,2025-04-13 00:00:00,AB,2025,4,13,5.7,,0.7,,10.6,,0,,,,,,,,29,,42,,0,,12.3,,19,,75,
-113.51666944444445,53.57305777777778,EDMONTON BLATCHFORD,3012209,3012209.2025.4.14,2025-04-14 00:00:00,AB,2025,4,14,7,,-1.8,,15.7,,0,,,,,,,,,,,,0,,11,,29,,70,
-113.51666944444445,53.57305777777778,EDMONTON BLATCHFORD,3012209,3012209.2025.4.15,2025-04-15 00:00:00,AB,2025,4,15,9,,4.9,,13,,0,,,,,,,,31,,47,,0,,9,,19,,53,
-113.51666944444445,53.57305777777778,EDMONTON BLATCHFORD,3012209,3012209.2025.4.16,2025-04-16 00:00:00,AB,2025,4,16,6,,1.4,,10.7,,0,,,,,,,,30,,52,,0,,12,,15,,62,
-113.51666944444445,53.57305777777778,EDMONTON BLATCHFORD,3012209,3012209.2025.4.17,2025-04-17 00:00:00,AB,2025,4,17,5.4,,0,,10.8,,0,,,,,,,,35,,42,,0,,12.6,,21,,73,
-113.51666944444445,53.57305777777778,EDMONTON BLATCHFORD,3012209,3012209.2025.4.18,2025-04-18 00:00:00,AB,2025,4,18,9,,-0.8,,18.8,,0,,,,,,,,20,,35,,0,,9,,17,,65,
-113.51666944444445,53.57305777777778,EDMONTON BLATCHFORD,3012209,3012209.2025.4.19,2025-04-19 00:00:00,AB,2025,4,19,9.6,,5.3,,13.9,,0.5,,,,,,,,36,,46,,0,,8.4,,18,,69,
-113.51666944444445,53.57305777777778,EDMONTON BLATCHFORD,3012209,3012209.2025.4.20,2025-04-20 00:00:00,AB,2025,4,20,6.5,,0.8,,12.2,,0,,,,,,,,,,,,0,,11.5,,17,,59,
-113.51666944444445,53.57305777777778,EDMONTON BLATCHFORD,3012209,3012209.2025.4.21,2025-04-21 00:00:00,AB,2025,4,21,4.8,,0.1,,9.5,,0,,,,,,,,17,,40,,0,,13.2,,42,,89,
-113.51666944444445,53.57305777777778,EDMONTON BLATCHFORD,3012209,3012209.2025.4.22,2025-04-22 00:00:00,AB,2025,4,22,6.5,,1.4,,11.7,,0,,,,,,,,31,,31,,0,,11.5,,27,,96,
-113.51666944444445,53.57305777777778,EDMONTON BLATCHFORD,3012209,3012209.2025.4.23,2025-04-23 00:00:00,AB,2025,4,23,6.9,,0.6,,13.2,,0,,,,,,,,26,,35,,0,,11.1,,31,,74,
-113.51666944444445,53.57305777777778,EDMONTON BLATCHFORD,3012209,3012209.2025.4.24,2025-04-24 00:00:00,AB,2025,4,24,8.7,,0.2,,17.2,,0,,,,,,,,16,,33,,0,,9.3,,20,,82,
-113.51666944444445,53.57305777777778,EDMONTON BLATCHFORD,3012209,3012209.2025.4.25,2025-04-25 00:00:00,AB,2025,4,25,14.5,,7.5,,21.5,,0,,,,,,,,17,,44,,0,,3.5,,16,,43,
-113.51666944444445,53.57305777777778,EDMONTON BLATCHFORD,3012209,3012209.2025.4.26,2025-04-26 00:00:00,AB,2025,4,26,14.5,,6.3,,22.7,,0.2,,,,,,,,36,,47,,0,,3.5,,15,,51,
-113.51666944444445,53.57305777777778,EDMONTON BLATCHFORD,3012209,3012209.2025.4.27,2025-04-27 00:00:00,AB,2025,4,27,6.9,,2.6,,11.2,,3.9,,,,,,,,36,,48,,0,,11.1,,28,,90,
-113.51666944444445,53.57305777777778,EDMONTON BLATCHFORD,3012209,3012209.2025.4.28,2025-04-28 00:00:00,AB,2025,4,28,8.7,,0.8,,16.7,,0,,,,,,,,19,,37,,0,,9.3,,26,,82,
-113.51666944444445,53.57305777777778,EDMONTON BLATCHFORD,3012209,3012209.2025.4.29,2025-04-29 00:00:00,AB,2025,4,29,12.6,,8.4,,16.7,,0,,,,,,,,31,,53,,0,,5.4,,20,,53,
-113.51666944444445,53.57305777777778,EDMONTON BLATCHFORD,3012209,3012209.2025.4.30,2025-04-30 00:00:00,AB,2025,4,30,,M,,M,,M,,M,,,,,,,,M,,M,,M,,M,,M,,M
