,term,estimate,std.error,conf.low,conf.high,p.value,OR,OR_low,OR_high,response,N,AIC,offset,chi_sq,p_lrt,R2_marginal,R2_conditional
1,SexM,0.019,0.067,-0.112,0.151,0.773,1.020,0.894,1.163,Inv,1028,4586.3,NA,NA,NA,0.000,0.001
2,PuzzleTypeW,-0.045,0.068,-0.178,0.089,0.511,0.956,0.837,1.093,Inv,1028,4586.3,NA,NA,NA,0.000,0.001
3,DiseaseY,-0.180,0.123,-0.421,0.061,0.144,0.836,0.657,1.063,Con,1028,2309.9,NA,NA,NA,0.000,0.001
4,LightL,0.225,0.121,-0.013,0.462,0.063,1.252,0.988,1.587,Con,1028,2309.9,NA,NA,NA,0.000,0.001
5,SexM,-0.004,0.116,-0.230,0.223,0.974,0.996,0.794,1.250,Con,1028,2309.9,NA,NA,NA,0.000,0.001
6,Year2025,0.081,0.131,-0.175,0.337,0.534,1.084,0.840,1.401,Con,1028,2309.9,NA,NA,NA,0.000,0.001
7,PuzzleTypeW,-0.029,0.116,-0.255,0.198,0.804,0.972,0.775,1.219,Con,1028,2309.9,NA,NA,NA,0.000,0.001
8,GroupSize,-0.250,0.170,-0.583,0.083,0.141,0.779,0.558,1.086,Lope,1156,849.7,NA,NA,NA,0.006,0.204
9,SexM,-0.130,0.327,-0.770,0.510,0.691,0.878,0.463,1.666,Solve,1028,349.6,NA,NA,NA,0.001,0.345
