,Outcome,Predictor,Component,N,AIC,B,P,Low CI,Upp. CI,ES,Low CI,Upp CI,Marg. R2,Cond. R2,LRT
18,Investigate Duration,Diseased,Conditional,1092,4753.9,0.049,0.558,-0.114,0.211,1.050,0.892,1.235,0.000,0.002,0.157
19,Investigate Duration,Diseased,Zero Inflation,1092,4753.9,-0.402,0.068,-0.834,0.030,0.669,0.434,1.030,0.000,0.002,0.157
20,Investigate Duration,Group Size,Conditional,1092,4752.2,0.091,0.014,0.018,0.163,1.095,1.019,1.177,0.000,0.002,0.067
21,Investigate Duration,Group Size,Zero Inflation,1092,4752.2,0.022,0.787,-0.136,0.179,1.022,0.873,1.196,0.000,0.002,0.067
22,Investigate Duration,Daylight,Conditional,963,4480.7,0.049,0.522,-0.101,0.199,1.050,0.904,1.221,0.000,0.001,0.815
23,Investigate Duration,Daylight,Zero Inflation,963,4480.7,-0.010,0.956,-0.348,0.329,0.991,0.706,1.390,0.000,0.001,0.815
24,Investigate Duration,Wood Puzzle,Conditional,1092,4746.9,-0.019,0.780,-0.153,0.115,0.981,0.858,1.122,0.000,0.002,0.005
25,Investigate Duration,Wood Puzzle,Zero Inflation,1092,4746.9,-0.486,0.001,-0.781,-0.190,0.615,0.458,0.827,0.000,0.002,0.005
26,Investigate Duration,Male,Conditional,882,4203.2,0.020,0.806,-0.141,0.182,1.020,0.868,1.199,0.000,0.002,0.533
27,Investigate Duration,Male,Zero Inflation,882,4203.2,-0.227,0.274,-0.634,0.179,0.797,0.531,1.197,0.000,0.002,0.533
28,Investigate Duration,Sequence,Conditional,963,4477.1,-0.051,0.339,-0.156,0.054,0.950,0.856,1.055,0.000,0.002,0.136
29,Investigate Duration,Sequence,Zero Inflation,963,4477.1,0.177,0.084,-0.024,0.378,1.194,0.976,1.459,0.000,0.002,0.136
30,Investigate Duration,Second Year,Conditional,963,4480.6,-0.046,0.603,-0.218,0.127,0.955,0.804,1.135,0.000,0.002,0.809
31,Investigate Duration,Second Year,Zero Inflation,963,4480.6,-0.090,0.692,-0.537,0.356,0.914,0.585,1.428,0.000,0.002,0.809
32,Investigate Duration,Temperature,Conditional,963,4478.8,0.056,0.137,-0.018,0.131,1.058,0.982,1.140,0.000,0.001,0.315
33,Investigate Duration,Temperature,Zero Inflation,963,4478.8,-0.023,0.782,-0.185,0.139,0.977,0.831,1.149,0.000,0.001,0.315
1,Contact Duration,Diseased,Conditional,963,2264.9,-0.135,0.269,-0.374,0.104,0.874,0.688,1.110,0.000,0.001,0.006
2,Contact Duration,Diseased,Zero Inflation,963,2264.9,-0.919,0.002,-1.511,-0.328,0.399,0.221,0.720,0.000,0.001,0.006
3,Contact Duration,Group Size,Conditional,963,2274.5,0.015,0.775,-0.088,0.118,1.015,0.916,1.125,0.000,0.001,0.753
4,Contact Duration,Group Size,Zero Inflation,963,2274.5,-0.070,0.484,-0.268,0.127,0.932,0.765,1.135,0.000,0.001,0.753
7,Contact Duration,Daylight,Conditional,963,2271.9,0.131,0.248,-0.092,0.354,1.140,0.912,1.425,0.000,0.001,0.214
8,Contact Duration,Daylight,Zero Inflation,963,2271.9,-0.297,0.179,-0.731,0.136,0.743,0.482,1.146,0.000,0.001,0.214
5,Contact Duration,Wood Puzzle,Conditional,1092,2378.3,-0.052,0.641,-0.272,0.167,0.949,0.762,1.182,0.000,0.002,<0.001
6,Contact Duration,Wood Puzzle,Zero Inflation,1092,2378.3,-0.833,0.000,-1.230,-0.437,0.435,0.292,0.646,0.000,0.002,<0.001
9,Contact Duration,Male,Conditional,986,2216.4,-0.021,0.869,-0.274,0.231,0.979,0.760,1.260,0.000,0.002,0.769
10,Contact Duration,Male,Zero Inflation,986,2216.4,0.222,0.484,-0.400,0.843,1.248,0.671,2.323,0.000,0.002,0.769
11,Contact Duration,Sequence,Conditional,1092,2394.7,-0.107,0.208,-0.274,0.060,0.898,0.760,1.062,0.000,NA,0.364
12,Contact Duration,Sequence,Zero Inflation,1092,2394.7,-0.071,0.634,-0.363,0.221,0.932,0.696,1.247,0.000,NA,0.364
13,Contact Duration,Second Year,Conditional,1092,2395.2,-0.088,0.532,-0.364,0.188,0.916,0.695,1.207,0.000,0.002,0.474
14,Contact Duration,Second Year,Zero Inflation,1092,2395.2,-0.338,0.290,-0.963,0.288,0.713,0.382,1.333,0.000,0.002,0.474
15,Contact Duration,Temperature,Conditional,1092,2394.2,0.046,0.466,-0.078,0.171,1.048,0.925,1.187,0.000,0.002,0.289
16,Contact Duration,Temperature,Zero Inflation,1092,2394.2,-0.150,0.166,-0.362,0.062,0.861,0.696,1.064,0.000,0.002,0.289
52,No. Behaviours,Diseased,Conditional,216,685.6,-0.094,0.387,-0.308,0.119,0.910,0.735,1.127,NA,NA,0.381
17,No. Behaviours,Group Size,Conditional,224,709.3,0.035,0.463,-0.059,0.129,1.036,0.943,1.137,NA,NA,0.466
37,No. Behaviours,Daylight,Conditional,224,708.5,0.118,0.230,-0.075,0.310,1.125,0.928,1.364,NA,NA,0.235
49,No. Behaviours,Wood Puzzle,Conditional,224,708.5,-0.115,0.242,-0.307,0.078,0.892,0.736,1.081,NA,NA,0.244
53,No. Behaviours,Male,Conditional,208,666.0,-0.043,0.679,-0.249,0.162,0.957,0.779,1.176,NA,NA,0.680
54,No. Behaviours,Sequence,Conditional,224,709.4,-0.034,0.505,-0.134,0.066,0.967,0.874,1.068,NA,NA,0.498
55,No. Behaviours,Second Year,Conditional,224,709.1,-0.100,0.381,-0.323,0.124,0.905,0.724,1.132,NA,NA,0.381
56,No. Behaviours,Temperature,Conditional,224,709.4,0.033,0.501,-0.063,0.130,1.034,0.939,1.138,NA,NA,0.499
34,Escape Gait,Diseased,Conditional,963,582.7,0.088,0.792,-0.565,0.740,1.092,0.569,2.097,0.000,0.217,0.792
35,Escape Gait,Group Size,Conditional,963,578.0,-0.342,0.048,-0.680,-0.004,0.710,0.506,0.996,0.028,0.224,0.029
36,Escape Gait,Daylight,Conditional,963,582.3,-0.190,0.482,-0.718,0.339,0.827,0.488,1.404,0.002,0.213,0.480
38,Escape Gait,Wood Puzzle,Conditional,963,579.3,-0.450,0.065,-0.926,0.027,0.638,0.396,1.028,0.012,0.233,0.063
39,Escape Gait,Male,Conditional,882,508.0,-0.731,0.013,-1.309,-0.153,0.481,0.270,0.858,0.036,0.116,0.018
40,Escape Gait,Sequence,Conditional,963,579.2,-0.285,0.066,-0.588,0.019,0.752,0.555,1.019,0.018,0.261,0.058
41,Escape Gait,Second Year,Conditional,963,582.3,0.234,0.498,-0.443,0.910,1.263,0.642,2.485,0.003,0.225,0.491
42,Escape Gait,Temperature,Conditional,963,582.0,-0.111,0.372,-0.353,0.132,0.895,0.702,1.141,0.003,0.206,0.376
43,Solves,Diseased,Conditional,963,328.8,-0.411,0.557,-1.782,0.960,0.663,0.168,2.612,0.004,0.669,0.548
44,Solves,Group Size,Conditional,963,328.5,0.135,0.442,-0.210,0.481,1.145,0.811,1.617,0.002,0.640,0.450
45,Solves,Daylight,Conditional,963,328.7,0.284,0.507,-0.555,1.122,1.328,0.574,3.071,0.002,0.643,0.513
46,Solves,Wood Puzzle,Conditional,963,329.1,0.070,0.849,-0.651,0.791,1.072,0.521,2.206,0.000,0.668,0.849
47,Solves,Male,Conditional,882,317.2,0.116,0.854,-1.120,1.353,1.123,0.326,3.867,0.000,0.622,0.853
48,Solves,Sequence,Conditional,963,328.4,-0.299,0.426,-1.035,0.437,0.741,0.355,1.548,0.009,0.678,0.398
50,Solves,Second Year,Conditional,963,329.0,-0.237,0.713,-1.504,1.029,0.789,0.222,2.799,0.001,0.658,0.716
51,Solves,Temperature,Conditional,963,325.8,0.422,0.079,-0.048,0.892,1.525,0.953,2.441,0.020,0.640,0.069
